Date,Close_Price,High,Low,Open_Price,Volume,Adj_Close,Daily_Return,MA_20,MA_50,MA_200,Volatility_20,Year,Month,Day_of_Week,Quarter,market_signal
2016-11-10,120,122,119,122,22268000,120,-1,121,123,122,1,2016,11,3,4,Neutral
2016-11-11,117,120,116,120,20381800,117,-2,121,123,122,1,2016,11,4,4,Neutral
2016-11-14,116,117,115,116,20729400,116,-1,121,123,122,1,2016,11,0,4,Neutral
2016-11-15,117,117,116,116,9348600,117,1,121,123,122,1,2016,11,1,4,Neutral
2016-11-16,117,117,117,117,5486100,117,0,121,123,122,1,2016,11,2,4,Neutral
2016-11-17,116,117,115,117,10342300,116,-1,121,122,122,1,2016,11,3,4,"DEATH CROSS (Bearish)"
2016-11-18,115,116,115,116,10444300,115,-1,120,122,122,1,2016,11,4,4,Neutral
2016-11-21,116,116,115,116,6654200,116,0,120,122,122,1,2016,11,0,4,Neutral
2016-11-22,116,116,115,116,6391900,116,0,120,122,122,1,2016,11,1,4,Neutral
2016-11-23,113,114,113,114,20982100,113,-2,119,121,122,1,2016,11,2,4,Neutral
2016-11-25,113,114,112,113,5345900,113,-1,119,121,122,1,2016,11,4,4,Neutral
2016-11-28,114,114,113,113,5655400,114,1,119,121,122,1,2016,11,0,4,Neutral
2016-11-29,113,113,113,113,7438600,113,0,118,121,122,1,2016,11,1,4,Neutral
2016-11-30,112,113,112,113,10925500,112,-1,118,120,122,1,2016,11,2,4,Neutral
2016-12-01,112,112,111,111,10237000,112,0,117,120,122,1,2016,12,3,4,Neutral
2016-12-02,112,112,112,112,7416500,112,1,116,120,122,1,2016,12,4,4,Neutral
2016-12-05,112,112,110,111,10187900,112,-1,116,120,122,1,2016,12,0,4,Neutral
2016-12-06,111,112,111,112,5533700,111,0,115,119,122,1,2016,12,1,4,Neutral
2016-12-07,112,113,112,112,4901800,112,0,115,119,122,1,2016,12,2,4,Neutral
2016-12-08,112,112,111,112,5977800,112,0,114,119,122,1,2016,12,3,4,Neutral
2016-12-09,110,111,110,111,10507700,110,-1,114,118,122,1,2016,12,4,4,Neutral
2016-12-12,111,111,110,111,6156700,111,0,113,118,122,1,2016,12,0,4,Neutral
2016-12-13,110,111,110,111,7961600,110,0,113,118,122,1,2016,12,1,4,Neutral
2016-12-14,109,111,109,111,12933600,109,-1,113,117,122,1,2016,12,2,4,Neutral
2016-12-15,107,108,107,108,14427500,107,-1,112,117,122,1,2016,12,3,4,Neutral
2016-12-16,108,109,107,108,10602800,108,1,112,117,122,1,2016,12,4,4,Neutral
2016-12-19,109,109,108,109,5339100,109,0,112,117,122,1,2016,12,0,4,Neutral
2016-12-20,108,108,107,107,7321100,108,-1,111,117,122,1,2016,12,1,4,Neutral
2016-12-21,108,108,108,108,5188700,108,0,111,116,121,1,2016,12,2,4,Neutral
2016-12-22,108,108,107,108,4942800,108,0,110,116,121,1,2016,12,3,4,Neutral
2016-12-23,108,108,108,108,5012200,108,0,110,116,121,1,2016,12,4,4,Neutral
2016-12-27,109,109,108,109,3685500,109,1,110,116,121,1,2016,12,1,4,Neutral
2016-12-28,109,109,108,108,5091200,109,0,110,115,121,1,2016,12,2,4,Neutral
2016-12-29,110,111,109,109,7563900,110,1,110,115,121,1,2016,12,3,4,Neutral
2016-12-30,110,111,110,110,8873700,110,-1,110,115,121,1,2016,12,4,4,Neutral
2017-01-03,110,111,109,110,7527400,110,1,109,115,121,1,2017,1,1,1,Neutral
2017-01-04,111,111,111,111,4904100,111,0,109,115,121,1,2017,1,2,1,Neutral
2017-01-05,113,113,112,112,9606800,113,2,110,114,121,1,2017,1,3,1,Neutral
2017-01-06,112,112,112,112,7686100,112,-1,110,114,121,1,2017,1,4,1,Neutral
2017-01-09,113,113,112,112,5674600,113,1,110,114,121,1,2017,1,0,1,Neutral
2017-01-10,113,113,113,113,6093400,113,0,110,114,121,1,2017,1,1,1,Neutral
2017-01-11,114,114,112,113,9918700,114,0,110,114,121,1,2017,1,2,1,Neutral
2017-01-12,114,115,114,115,8457300,114,0,110,114,121,1,2017,1,3,1,Neutral
2017-01-13,114,114,113,114,7261500,114,0,110,113,121,1,2017,1,4,1,Neutral
2017-01-17,116,116,116,116,9142400,116,1,111,113,121,1,2017,1,1,1,Neutral
2017-01-18,115,116,115,116,6498100,115,-1,111,113,121,1,2017,1,2,1,Neutral
2017-01-19,115,115,114,114,6437000,115,0,111,113,121,1,2017,1,3,1,Neutral
2017-01-20,115,116,114,115,12261500,115,0,112,113,121,1,2017,1,4,1,Neutral
2017-01-23,116,116,115,116,6373100,116,1,112,113,121,1,2017,1,0,1,Neutral
2017-01-24,115,116,115,116,5798800,115,0,112,112,121,1,2017,1,1,1,Neutral
2017-01-25,114,114,114,114,6697500,114,-1,113,112,121,1,2017,1,2,1,Neutral
2017-01-26,113,114,113,113,5390500,113,-1,113,112,121,1,2017,1,3,1,Neutral
2017-01-27,113,114,113,113,6706600,113,0,113,112,121,1,2017,1,4,1,Neutral
2017-01-30,114,114,114,114,7687800,114,0,113,112,121,1,2017,1,0,1,Neutral
2017-01-31,116,116,115,115,10421900,116,1,114,112,121,1,2017,1,1,1,Neutral
2017-02-01,115,115,114,115,6932900,115,0,114,112,121,1,2017,2,2,1,Neutral
2017-02-02,116,117,116,116,7189500,116,1,114,112,121,1,2017,2,3,1,Neutral
2017-02-03,116,116,116,116,9455500,116,0,114,112,121,1,2017,2,4,1,Neutral
2017-02-06,118,118,117,117,8547800,118,1,115,112,121,1,2017,2,0,1,Neutral
2017-02-07,117,118,117,117,8621000,117,0,115,112,121,1,2017,2,1,1,Neutral
2017-02-08,118,119,118,118,9633400,118,1,115,112,121,1,2017,2,2,1,Neutral
2017-02-09,117,119,117,118,8177200,117,-1,115,112,121,1,2017,2,3,1,Neutral
2017-02-10,118,118,117,117,9072100,118,0,116,113,121,1,2017,2,4,1,Neutral
2017-02-13,117,117,116,117,7354900,117,-1,116,113,121,1,2017,2,0,1,Neutral
2017-02-14,117,118,116,118,6927800,117,0,116,113,121,1,2017,2,1,1,Neutral
2017-02-15,117,117,116,116,7088400,117,0,116,113,121,1,2017,2,2,1,Neutral
2017-02-16,118,118,118,118,6378700,118,1,116,113,121,1,2017,2,3,1,Neutral
2017-02-17,118,118,118,118,7338100,118,0,116,113,121,1,2017,2,4,1,Neutral
2017-02-21,118,118,117,117,6166900,118,0,116,113,120,1,2017,2,1,1,Neutral
2017-02-22,118,118,117,118,6057200,118,0,116,113,120,1,2017,2,2,1,Neutral
2017-02-23,119,119,119,119,7523300,119,1,117,113,120,1,2017,2,3,1,Neutral
2017-02-24,120,120,119,120,9809000,120,1,117,114,120,1,2017,2,4,1,Neutral
2017-02-27,119,120,119,120,9263500,119,0,117,114,120,1,2017,2,0,1,Neutral
2017-02-28,119,120,119,120,8727800,119,0,118,114,120,1,2017,2,1,1,Neutral
2017-03-01,119,119,118,118,8679600,119,0,118,114,120,1,2017,3,2,1,Neutral
2017-03-02,118,118,117,118,10986300,118,-1,118,114,120,1,2017,3,3,1,Neutral
2017-03-03,118,118,116,117,10665800,118,0,118,115,120,1,2017,3,4,1,Neutral
2017-03-06,117,117,117,117,4883500,117,-1,118,115,120,1,2017,3,0,1,Neutral
2017-03-07,116,116,116,116,6846300,116,-1,118,115,120,1,2017,3,1,1,Neutral
2017-03-08,115,115,115,115,7620900,115,-1,118,115,120,1,2017,3,2,1,Neutral
2017-03-09,114,115,114,115,6410900,114,-1,118,115,120,1,2017,3,3,1,Neutral
2017-03-10,115,115,114,114,7929500,115,0,117,115,120,1,2017,3,4,1,Neutral
2017-03-13,115,115,115,115,5807400,115,0,117,116,120,1,2017,3,0,1,Neutral
2017-03-14,114,115,114,115,5301800,114,-1,117,116,120,1,2017,3,1,1,Neutral
2017-03-15,116,116,114,114,13524100,116,2,117,116,120,1,2017,3,2,1,Neutral
2017-03-16,117,117,117,117,9322000,117,0,117,116,120,1,2017,3,3,1,Neutral
2017-03-17,117,117,117,117,4683000,117,0,117,116,120,1,2017,3,4,1,Neutral
2017-03-20,118,118,117,117,4000200,118,0,117,116,120,1,2017,3,0,1,Neutral
2017-03-21,119,119,118,118,9567900,119,1,117,116,120,1,2017,3,1,1,Neutral
2017-03-22,119,119,119,119,7287400,119,0,117,116,120,1,2017,3,2,1,Neutral
2017-03-23,119,119,118,119,6201100,119,0,117,116,120,1,2017,3,3,1,Neutral
2017-03-24,119,119,118,119,6879600,119,0,117,117,120,1,2017,3,4,1,Neutral
2017-03-27,120,120,119,120,8519600,120,1,117,117,120,1,2017,3,0,1,Neutral
2017-03-28,119,120,119,120,7112800,119,0,117,117,120,1,2017,3,1,1,Neutral
2017-03-29,119,119,119,119,4911000,119,0,117,117,120,1,2017,3,2,1,Neutral
2017-03-30,118,119,118,119,6894600,118,-1,117,117,120,1,2017,3,3,1,Neutral
2017-03-31,119,119,118,119,8520800,119,0,117,117,120,1,2017,3,4,1,Neutral
2017-04-03,119,119,119,119,6105700,119,1,117,117,120,1,2017,4,0,2,Neutral
2017-04-04,120,120,119,120,4687300,120,0,117,117,120,1,2017,4,1,2,Neutral
2017-04-05,120,120,118,119,8106000,120,0,118,117,120,1,2017,4,2,2,Neutral
2017-04-06,119,119,119,119,4633500,119,0,118,117,120,1,2017,4,3,2,Neutral
2017-04-07,119,121,119,120,12351100,119,0,118,117,120,1,2017,4,4,2,Neutral
2017-04-10,119,120,119,119,4623700,119,0,118,118,120,1,2017,4,0,2,Neutral
2017-04-11,121,121,120,120,12455300,121,1,119,118,120,1,2017,4,1,2,Neutral
2017-04-12,122,122,121,121,9502500,122,1,119,118,120,0,2017,4,2,2,Neutral
2017-04-13,123,123,122,123,9892600,123,0,119,118,120,0,2017,4,3,2,Neutral
2017-04-17,122,123,122,123,8469600,122,0,120,118,120,0,2017,4,0,2,Neutral
2017-04-18,123,123,122,122,10903700,123,0,120,118,120,0,2017,4,1,2,Neutral
2017-04-19,122,122,121,122,8472700,122,-1,120,118,120,1,2017,4,2,2,Neutral
2017-04-20,122,122,122,122,11787300,122,0,120,118,120,1,2017,4,3,2,Neutral
2017-04-21,122,123,122,122,15608000,122,0,120,119,120,1,2017,4,4,2,Neutral
2017-04-24,121,122,121,121,11053600,121,-1,121,119,120,1,2017,4,0,2,Neutral
2017-04-25,120,121,120,121,10344800,120,-1,121,119,120,1,2017,4,1,2,Neutral
2017-04-26,121,121,120,120,9758800,121,0,121,119,120,1,2017,4,2,2,Neutral
2017-04-27,120,121,120,120,8267000,120,0,121,119,120,1,2017,4,3,2,Neutral
2017-04-28,121,121,120,120,9134200,121,0,121,119,120,1,2017,4,4,2,Neutral
2017-05-01,120,121,119,120,9331800,120,-1,121,119,120,1,2017,5,0,2,Neutral
2017-05-02,120,120,119,119,4900800,120,0,121,119,120,1,2017,5,1,2,Neutral
2017-05-03,118,119,118,119,10811100,118,-1,121,119,120,1,2017,5,2,2,Neutral
2017-05-04,117,117,117,117,12406900,117,-1,121,119,120,1,2017,5,3,2,Neutral
2017-05-05,117,117,117,117,7127200,117,0,121,119,119,1,2017,5,4,2,Neutral
2017-05-08,117,117,117,117,5438400,117,0,120,119,119,1,2017,5,0,2,Neutral
2017-05-09,116,116,116,116,6801300,116,-1,120,119,119,1,2017,5,1,2,Neutral
2017-05-10,116,117,116,116,4290500,116,0,120,119,119,1,2017,5,2,2,Neutral
2017-05-11,117,117,116,116,6274400,117,0,120,119,119,1,2017,5,3,2,Neutral
2017-05-12,117,117,117,117,5434500,117,0,119,119,119,1,2017,5,4,2,Neutral
2017-05-15,117,118,117,118,5019600,117,0,119,119,119,1,2017,5,0,2,Neutral
2017-05-16,118,118,117,117,4942800,118,0,119,119,119,1,2017,5,1,2,Neutral
2017-05-17,120,120,119,119,13936900,120,2,119,119,119,1,2017,5,2,2,Neutral
2017-05-18,119,120,119,120,10341100,119,-1,119,119,119,1,2017,5,3,2,Neutral
2017-05-19,119,120,119,119,6787300,119,0,118,119,119,1,2017,5,4,2,Neutral
2017-05-22,120,120,120,120,5132500,120,0,118,119,119,1,2017,5,0,2,Neutral
2017-05-23,119,120,119,120,8305400,119,-1,118,119,119,1,2017,5,1,2,Neutral
2017-05-24,120,120,119,119,7025000,120,0,118,119,119,1,2017,5,2,2,Neutral
2017-05-25,119,120,119,120,4105100,119,0,118,119,119,1,2017,5,3,2,Neutral
2017-05-26,121,121,120,120,6791600,121,1,118,119,119,1,2017,5,4,2,Neutral
2017-05-30,120,120,120,120,4507500,120,0,118,119,119,1,2017,5,1,2,Neutral
2017-05-31,121,121,120,120,10360700,121,0,118,119,119,1,2017,5,2,2,Neutral
2017-06-01,121,121,120,120,8702500,121,0,118,119,119,1,2017,6,3,2,Neutral
2017-06-02,122,122,121,121,7268100,122,1,119,120,119,1,2017,6,4,2,"GOLDEN CROSS (Bullish)"
2017-06-05,122,122,122,122,3979200,122,0,119,120,119,1,2017,6,0,2,Neutral
2017-06-06,123,123,123,123,10798500,123,1,119,120,119,1,2017,6,1,2,Neutral
2017-06-07,122,123,122,123,9039200,122,-1,120,120,119,1,2017,6,2,2,Neutral
2017-06-08,122,122,121,122,8169800,122,-1,120,120,118,1,2017,6,3,2,Neutral
2017-06-09,121,121,120,120,7054700,121,-1,120,120,118,1,2017,6,4,2,Neutral
2017-06-12,120,121,120,120,4927400,120,0,120,120,118,1,2017,6,0,2,Neutral
2017-06-13,120,121,120,120,3786600,120,0,120,120,118,1,2017,6,1,2,Neutral
2017-06-14,120,122,120,122,21124800,120,-1,120,120,118,1,2017,6,2,2,Neutral
2017-06-15,119,120,119,119,6796700,119,0,120,120,118,1,2017,6,3,2,Neutral
2017-06-16,119,120,119,119,6435700,119,0,120,120,118,1,2017,6,4,2,Neutral
2017-06-19,118,119,118,119,6787000,118,-1,120,120,118,1,2017,6,0,2,Neutral
2017-06-20,118,118,118,118,4617400,118,0,120,120,118,1,2017,6,1,2,Neutral
2017-06-21,119,119,118,118,4723700,119,0,120,120,118,1,2017,6,2,2,Neutral
2017-06-22,119,119,119,119,5811900,119,0,120,120,118,1,2017,6,3,2,Neutral
2017-06-23,119,120,119,120,9258600,119,0,120,120,118,1,2017,6,4,2,Neutral
2017-06-26,118,119,118,118,6593400,118,-1,120,120,118,1,2017,6,0,2,Neutral
2017-06-27,119,119,118,119,5759300,119,0,120,120,118,1,2017,6,1,2,Neutral
2017-06-28,119,119,119,119,4220100,119,0,120,120,118,1,2017,6,2,2,Neutral
2017-06-29,118,119,118,118,7705200,118,0,120,119,118,1,2017,6,3,2,Neutral
2017-06-30,118,118,118,118,7272600,118,0,120,119,118,1,2017,6,4,2,Neutral
2017-07-03,116,117,116,117,12145000,116,-2,119,119,118,1,2017,7,0,3,Neutral
2017-07-05,117,117,116,116,7223300,117,0,119,119,118,1,2017,7,2,3,Neutral
2017-07-06,116,117,116,117,4443400,116,0,119,119,118,1,2017,7,3,3,Neutral
2017-07-07,115,116,115,116,11153600,115,-1,119,119,118,1,2017,7,4,3,Neutral
2017-07-10,115,116,115,115,4970900,115,0,118,119,118,1,2017,7,0,3,Neutral
2017-07-11,116,116,115,115,6637900,116,0,118,119,118,1,2017,7,1,3,Neutral
2017-07-12,116,116,116,116,4654400,116,0,118,119,118,1,2017,7,2,3,Neutral
2017-07-13,116,116,116,116,4148900,116,0,118,119,117,1,2017,7,3,3,Neutral
2017-07-14,117,117,117,117,5788200,117,1,117,119,117,1,2017,7,4,3,Neutral
2017-07-17,117,118,117,117,5170800,117,0,117,119,117,1,2017,7,0,3,Neutral
2017-07-18,118,118,118,118,7158600,118,1,117,119,117,1,2017,7,1,3,Neutral
2017-07-19,118,118,118,118,3205100,118,0,117,119,117,1,2017,7,2,3,Neutral
2017-07-20,118,119,118,118,5571600,118,0,117,119,117,1,2017,7,3,3,Neutral
2017-07-21,119,119,119,119,10135900,119,1,117,119,117,1,2017,7,4,3,Neutral
2017-07-24,119,120,119,120,3654300,119,0,117,119,117,1,2017,7,0,3,Neutral
2017-07-25,119,119,119,119,6203000,119,0,117,119,117,1,2017,7,1,3,Neutral
2017-07-26,120,120,119,119,8527900,120,1,117,119,117,1,2017,7,2,3,Neutral
2017-07-27,120,120,119,120,6385200,120,0,117,119,117,1,2017,7,3,3,Neutral
2017-07-28,121,121,120,120,7393600,121,1,118,119,117,1,2017,7,4,3,Neutral
2017-07-31,121,121,120,121,3944600,121,0,118,119,117,1,2017,7,0,3,Neutral
2017-08-01,121,121,120,120,7365100,121,0,118,119,117,0,2017,8,1,3,Neutral
2017-08-02,120,121,120,121,5945300,120,0,118,119,117,0,2017,8,2,3,Neutral
2017-08-03,121,121,120,120,4275600,121,0,118,119,117,0,2017,8,3,3,Neutral
2017-08-04,120,120,119,120,8644800,120,-1,119,119,117,0,2017,8,4,3,Neutral
2017-08-07,120,120,119,119,3010100,120,0,119,119,117,0,2017,8,0,3,Neutral
2017-08-08,120,120,119,120,7227200,120,0,119,119,117,0,2017,8,1,3,Neutral
2017-08-09,121,122,121,121,9186200,121,1,119,119,117,0,2017,8,2,3,Neutral
2017-08-10,122,122,122,122,9817900,122,1,120,119,117,1,2017,8,3,3,Neutral
2017-08-11,123,123,122,122,8019500,123,0,120,119,117,0,2017,8,4,3,Neutral
2017-08-14,122,122,122,122,6035300,122,-1,120,119,117,1,2017,8,0,3,Neutral
2017-08-15,121,121,121,121,6731300,121,-1,120,119,117,1,2017,8,1,3,Neutral
2017-08-16,122,122,121,121,8267300,122,1,120,119,117,1,2017,8,2,3,Neutral
2017-08-17,122,123,122,122,8183800,122,1,121,119,117,1,2017,8,3,3,Neutral
2017-08-18,122,124,122,123,13654200,122,0,121,119,117,1,2017,8,4,3,Neutral
2017-08-21,123,123,123,123,5549700,123,0,121,119,117,1,2017,8,0,3,Neutral
2017-08-22,122,123,122,123,6493900,122,0,121,119,117,1,2017,8,1,3,Neutral
2017-08-23,123,123,122,123,5038400,123,0,121,119,117,1,2017,8,2,3,Neutral
2017-08-24,122,123,122,122,4193400,122,0,121,119,117,1,2017,8,3,3,Neutral
2017-08-25,123,123,121,123,12398200,123,0,121,119,117,1,2017,8,4,3,Neutral
2017-08-28,125,125,123,123,11578300,125,2,122,119,117,1,2017,8,0,3,Neutral
2017-08-29,124,126,124,126,9861500,124,0,122,120,117,1,2017,8,1,3,Neutral
2017-08-30,124,125,124,124,6328400,124,0,122,120,117,1,2017,8,2,3,Neutral
2017-08-31,126,126,125,125,11775500,126,1,122,120,117,1,2017,8,3,3,Neutral
2017-09-01,126,126,125,126,11567400,126,0,123,120,117,1,2017,9,4,3,Neutral
2017-09-05,127,128,127,127,11813100,127,1,123,120,117,1,2017,9,1,3,Neutral
2017-09-06,127,127,127,127,10059300,127,-1,123,120,118,1,2017,9,2,3,Neutral
2017-09-07,128,128,127,128,10219700,128,1,124,121,118,1,2017,9,3,3,Neutral
2017-09-08,128,128,128,128,9020000,128,0,124,121,118,1,2017,9,4,3,Neutral
2017-09-11,126,127,126,127,9126600,126,-1,124,121,118,1,2017,9,0,3,Neutral
2017-09-12,127,127,126,126,8349000,127,0,124,121,118,1,2017,9,1,3,Neutral
2017-09-13,126,126,126,126,8491000,126,-1,125,121,118,1,2017,9,2,3,Neutral
2017-09-14,126,126,126,126,5330700,126,0,125,121,118,1,2017,9,3,3,Neutral
2017-09-15,126,126,125,126,8375100,126,0,125,122,118,1,2017,9,4,3,Neutral
2017-09-18,124,125,124,125,8859800,124,-1,125,122,118,1,2017,9,0,3,Neutral
2017-09-19,125,125,124,124,5826500,125,0,125,122,118,1,2017,9,1,3,Neutral
2017-09-20,124,125,123,125,11415400,124,-1,125,122,118,1,2017,9,2,3,Neutral
2017-09-21,123,123,122,123,7757900,123,-1,125,122,118,1,2017,9,3,3,Neutral
2017-09-22,123,123,123,123,6011900,123,0,125,122,118,1,2017,9,4,3,Neutral
2017-09-25,125,125,123,123,10257200,125,1,125,123,118,1,2017,9,0,3,Neutral
2017-09-26,123,124,123,124,8673600,123,-1,125,123,118,1,2017,9,1,3,Neutral
2017-09-27,122,123,122,122,6903900,122,-1,125,123,118,1,2017,9,2,3,Neutral
2017-09-28,122,122,122,122,5968200,122,0,125,123,118,1,2017,9,3,3,Neutral
2017-09-29,122,122,122,122,10208000,122,-1,125,123,119,1,2017,9,4,3,Neutral
2017-10-02,121,121,121,121,11755400,121,-1,125,123,119,1,2017,10,0,4,Neutral
2017-10-03,121,121,121,121,3728700,121,0,124,123,119,1,2017,10,1,4,Neutral
2017-10-04,121,121,121,121,6475200,121,0,124,123,119,1,2017,10,2,4,Neutral
2017-10-05,121,121,120,121,6205400,121,-1,124,123,119,1,2017,10,3,4,Neutral
2017-10-06,121,121,120,120,10013300,121,0,123,123,119,1,2017,10,4,4,Neutral
2017-10-09,122,122,122,122,5264100,122,1,123,123,119,1,2017,10,0,4,Neutral
2017-10-10,122,123,122,123,9315500,122,0,123,123,119,1,2017,10,1,4,Neutral
2017-10-11,123,123,122,123,5649400,123,0,123,123,119,1,2017,10,2,4,Neutral
2017-10-12,123,123,123,123,3037600,123,0,123,123,119,1,2017,10,3,4,Neutral
2017-10-13,124,124,123,124,6820300,124,1,123,123,119,1,2017,10,4,4,Neutral
2017-10-16,123,124,123,124,8202000,123,-1,122,123,119,1,2017,10,0,4,Neutral
2017-10-17,122,122,122,122,7041300,122,-1,122,123,119,1,2017,10,1,4,Neutral
2017-10-18,122,122,122,122,3666400,122,0,122,123,119,1,2017,10,2,4,Neutral
2017-10-19,122,123,122,122,5567300,122,1,122,123,119,1,2017,10,3,4,Neutral
2017-10-20,122,122,121,122,8481100,122,-1,122,123,120,1,2017,10,4,4,Neutral
2017-10-23,122,122,121,121,5069700,122,0,122,123,120,1,2017,10,0,4,Neutral
2017-10-24,121,122,121,121,5114100,121,0,122,123,120,1,2017,10,1,4,Neutral
2017-10-25,121,122,121,121,4282400,121,0,122,123,120,1,2017,10,2,4,Neutral
2017-10-26,120,121,120,121,6438800,120,-1,122,123,120,1,2017,10,3,4,Neutral
2017-10-27,121,121,120,120,6664200,121,0,122,123,120,1,2017,10,4,4,Neutral
2017-10-30,121,121,120,120,5119200,121,0,122,123,120,1,2017,10,0,4,Neutral
2017-10-31,121,121,120,121,3910500,121,0,122,123,120,1,2017,10,1,4,Neutral
2017-11-01,121,122,121,121,4647800,121,0,122,123,120,1,2017,11,2,4,Neutral
2017-11-02,121,122,121,121,5369500,121,0,122,123,120,1,2017,11,3,4,Neutral
2017-11-03,121,121,120,121,6330600,121,0,122,123,120,1,2017,11,4,4,Neutral
2017-11-06,122,122,121,121,6953800,122,1,122,123,120,1,2017,11,0,4,Neutral
2017-11-07,121,122,121,122,4165900,121,0,122,123,120,1,2017,11,1,4,Neutral
2017-11-08,122,122,122,122,5565200,122,0,122,123,120,1,2017,11,2,4,Neutral
2017-11-09,122,122,122,122,6072400,122,0,122,123,120,1,2017,11,3,4,Neutral
2017-11-10,121,122,121,122,7116200,121,-1,121,123,120,1,2017,11,4,4,Neutral
2017-11-13,121,122,121,121,6249300,121,0,121,123,120,1,2017,11,0,4,Neutral
2017-11-14,122,122,121,121,6189000,122,0,121,123,120,0,2017,11,1,4,Neutral
2017-11-15,121,122,121,122,4984800,121,0,121,123,120,0,2017,11,2,4,Neutral
2017-11-16,121,122,121,121,2796500,121,0,121,122,120,0,2017,11,3,4,Neutral
2017-11-17,123,123,122,122,10614000,123,1,121,122,120,1,2017,11,4,4,Neutral
2017-11-20,121,122,121,122,8356700,121,-1,121,122,120,1,2017,11,0,4,Neutral
2017-11-21,122,122,122,122,4956500,122,0,121,122,120,1,2017,11,1,4,Neutral
2017-11-22,123,123,122,122,5211800,123,1,121,122,120,1,2017,11,2,4,Neutral
2017-11-24,122,123,122,122,1779700,122,0,121,122,120,1,2017,11,4,4,Neutral
2017-11-27,123,123,123,123,4961200,123,0,122,122,120,1,2017,11,0,4,Neutral
2017-11-28,123,123,123,123,5603100,123,0,122,122,120,1,2017,11,1,4,Neutral
2017-11-29,122,122,122,122,6138900,122,-1,122,122,120,1,2017,11,2,4,Neutral
2017-11-30,121,122,121,121,7936300,121,-1,122,122,120,1,2017,11,3,4,Neutral
2017-12-01,122,122,121,121,13080100,122,0,122,122,120,1,2017,12,4,4,Neutral
2017-12-04,121,121,121,121,6943700,121,0,122,122,120,1,2017,12,0,4,Neutral
2017-12-05,120,121,120,120,10041200,120,-1,122,122,120,1,2017,12,1,4,Neutral
2017-12-06,120,120,120,120,6643000,120,0,122,122,120,1,2017,12,2,4,Neutral
2017-12-07,118,119,118,119,12900200,118,-1,121,122,120,1,2017,12,3,4,Neutral
2017-12-08,118,119,118,118,5231300,118,0,121,121,120,1,2017,12,4,4,Neutral
2017-12-11,118,119,118,118,4522200,118,0,121,121,120,1,2017,12,0,4,Neutral
2017-12-12,118,118,117,118,8020100,118,0,121,121,120,1,2017,12,1,4,Neutral
2017-12-13,119,119,118,118,10086700,119,1,121,121,120,1,2017,12,2,4,Neutral
2017-12-14,119,119,119,119,6993600,119,0,121,121,120,1,2017,12,3,4,Neutral
2017-12-15,119,120,119,119,7532000,119,0,121,121,120,1,2017,12,4,4,Neutral
2017-12-18,120,120,120,120,5452200,120,0,120,121,120,1,2017,12,0,4,Neutral
2017-12-19,120,120,120,120,4018900,120,0,120,121,120,1,2017,12,1,4,Neutral
2017-12-20,120,120,120,120,5734600,120,0,120,121,121,1,2017,12,2,4,"DEATH CROSS (Bearish)"
2017-12-21,120,120,120,120,4823700,120,0,120,121,121,1,2017,12,3,4,Neutral
2017-12-22,121,121,121,121,5791300,121,1,120,121,121,1,2017,12,4,4,Neutral
2017-12-26,122,122,122,122,8224400,122,1,120,121,121,1,2017,12,1,4,Neutral
2017-12-27,122,122,122,122,6232700,122,0,120,121,121,1,2017,12,2,4,Neutral
2017-12-28,123,123,123,123,5732700,123,1,120,121,121,1,2017,12,3,4,Neutral
2017-12-29,124,124,123,124,7852100,124,1,120,121,121,1,2017,12,4,4,Neutral
2018-01-02,125,125,124,125,11762500,125,1,120,121,121,1,2018,1,1,1,Neutral
2018-01-03,125,125,124,125,7904300,125,0,121,121,121,1,2018,1,2,1,Neutral
2018-01-04,125,126,125,125,7329700,125,1,121,121,121,1,2018,1,3,1,Neutral
2018-01-05,125,125,125,125,5739900,125,0,121,121,121,1,2018,1,4,1,Neutral
2018-01-08,125,125,125,125,3566700,125,0,121,121,121,0,2018,1,0,1,Neutral
2018-01-09,125,125,124,124,9153600,125,0,122,121,121,0,2018,1,1,1,Neutral
2018-01-10,125,125,125,125,14809300,125,0,122,122,121,0,2018,1,2,1,"GOLDEN CROSS (Bullish)"
2018-01-11,125,126,125,125,5994700,125,0,122,122,121,0,2018,1,3,1,Neutral
2018-01-12,127,127,126,126,9258600,127,1,123,122,121,0,2018,1,4,1,Neutral
2018-01-16,127,127,126,127,8083900,127,0,123,122,121,0,2018,1,1,1,Neutral
2018-01-17,126,127,126,127,10130500,126,-1,124,122,121,0,2018,1,2,1,Neutral
2018-01-18,126,127,126,126,6289300,126,0,124,122,121,1,2018,1,3,1,Neutral
2018-01-19,126,127,126,127,8773800,126,0,124,122,121,1,2018,1,4,1,Neutral
2018-01-22,127,127,126,127,4893500,127,0,125,122,121,1,2018,1,0,1,Neutral
2018-01-23,127,127,126,127,6190400,127,0,125,122,121,1,2018,1,1,1,Neutral
2018-01-24,129,129,128,128,11827600,129,1,125,123,121,1,2018,1,2,1,Neutral
2018-01-25,128,130,127,129,15219700,128,-1,126,123,121,1,2018,1,3,1,Neutral
2018-01-26,128,129,128,128,7828700,128,0,126,123,121,1,2018,1,4,1,Neutral
2018-01-29,127,128,127,128,6956400,127,-1,126,123,121,1,2018,1,0,1,Neutral
2018-01-30,127,128,127,128,9736100,127,0,126,123,121,1,2018,1,1,1,Neutral
2018-01-31,128,128,126,127,13418900,128,1,126,123,121,1,2018,1,2,1,Neutral
2018-02-01,128,128,127,127,10854600,128,0,127,123,121,1,2018,2,3,1,Neutral
2018-02-02,126,127,126,127,16789200,126,-1,127,123,121,1,2018,2,4,1,Neutral
2018-02-05,127,127,126,127,13596300,127,0,127,123,122,1,2018,2,0,1,Neutral
2018-02-06,125,127,125,127,17672500,125,-1,127,124,122,1,2018,2,1,1,Neutral
2018-02-07,125,126,124,125,8558500,125,0,127,124,122,1,2018,2,2,1,Neutral
2018-02-08,125,125,125,125,7343600,125,0,127,124,122,1,2018,2,3,1,Neutral
2018-02-09,125,125,124,125,14140700,125,0,127,124,122,1,2018,2,4,1,Neutral
2018-02-12,125,126,125,125,6984900,125,0,127,124,122,1,2018,2,0,1,Neutral
2018-02-13,126,126,126,126,5321300,126,1,127,124,122,1,2018,2,1,1,Neutral
2018-02-14,128,129,126,126,16416400,128,2,127,124,122,1,2018,2,2,1,Neutral
2018-02-15,128,129,128,128,7276500,128,0,127,124,122,1,2018,2,3,1,Neutral
2018-02-16,128,129,128,128,7956900,128,0,127,124,122,1,2018,2,4,1,Neutral
2018-02-20,126,127,126,127,11148700,126,-1,127,124,122,1,2018,2,1,1,Neutral
2018-02-21,126,127,125,126,7908800,126,0,127,125,122,1,2018,2,2,1,Neutral
2018-02-22,126,126,126,126,5346300,126,1,127,125,122,1,2018,2,3,1,Neutral
2018-02-23,126,126,126,126,4239700,126,0,127,125,122,1,2018,2,4,1,Neutral
2018-02-26,126,127,126,126,3194300,126,0,126,125,122,1,2018,2,0,1,Neutral
2018-02-27,125,126,125,126,7082300,125,-1,126,125,122,1,2018,2,1,1,Neutral
2018-02-28,125,125,125,125,4534900,125,0,126,125,122,1,2018,2,2,1,Neutral
2018-03-01,125,125,124,124,12910100,125,0,126,125,122,1,2018,3,3,1,Neutral
2018-03-02,125,126,125,126,9994300,125,1,126,125,122,1,2018,3,4,1,Neutral
2018-03-05,125,125,125,125,5778300,125,0,126,126,122,1,2018,3,0,1,Neutral
2018-03-06,127,127,126,126,8676800,127,1,126,126,122,1,2018,3,1,1,Neutral
2018-03-07,126,126,125,126,5158700,126,-1,126,126,122,1,2018,3,2,1,Neutral
2018-03-08,125,126,125,126,3474900,125,0,126,126,122,1,2018,3,3,1,Neutral
2018-03-09,126,126,125,125,5066800,126,0,126,126,122,1,2018,3,4,1,Neutral
2018-03-12,126,126,125,125,2884300,126,0,126,126,122,1,2018,3,0,1,Neutral
2018-03-13,126,126,125,126,4798300,126,0,126,126,122,1,2018,3,1,1,Neutral
2018-03-14,126,126,125,125,3777000,126,0,126,126,122,1,2018,3,2,1,Neutral
2018-03-15,125,125,125,125,6130100,125,-1,126,126,122,1,2018,3,3,1,Neutral
2018-03-16,125,125,124,125,7402200,125,0,126,126,122,1,2018,3,4,1,Neutral
2018-03-19,125,125,124,125,4335400,125,0,126,126,122,1,2018,3,0,1,Neutral
2018-03-20,124,125,124,124,3399400,124,0,125,126,123,0,2018,3,1,1,Neutral
2018-03-21,126,127,125,125,12532000,126,2,125,126,123,1,2018,3,2,1,Neutral
2018-03-22,126,126,126,126,5298700,126,0,125,126,123,1,2018,3,3,1,Neutral
2018-03-23,128,128,128,128,12025900,128,1,126,126,123,1,2018,3,4,1,Neutral
2018-03-26,128,129,128,128,6169800,128,1,126,126,123,1,2018,3,0,1,Neutral
2018-03-27,127,128,127,127,6180700,127,-1,126,126,123,1,2018,3,1,1,Neutral
2018-03-28,126,127,126,126,10254900,126,-1,126,126,123,1,2018,3,2,1,Neutral
2018-03-29,126,126,125,125,7102000,126,0,126,126,123,1,2018,3,3,1,Neutral
2018-04-02,127,128,126,127,11421100,127,1,126,126,123,1,2018,4,0,2,Neutral
2018-04-03,126,127,126,127,6083700,126,-1,126,126,123,1,2018,4,1,2,Neutral
2018-04-04,126,128,126,128,7488300,126,0,126,126,123,1,2018,4,2,2,Neutral
2018-04-05,126,126,125,125,5333000,126,-1,126,126,123,1,2018,4,3,2,Neutral
2018-04-06,126,127,126,127,6121200,126,0,126,126,123,1,2018,4,4,2,Neutral
2018-04-09,127,127,126,126,4189900,127,0,126,126,123,1,2018,4,0,2,Neutral
2018-04-10,127,127,127,127,5268800,127,0,126,126,123,1,2018,4,1,2,Neutral
2018-04-11,128,129,128,128,12348600,128,1,126,126,123,1,2018,4,2,2,Neutral
2018-04-12,127,127,126,127,8141300,127,-1,126,126,123,1,2018,4,3,2,Neutral
2018-04-13,127,128,127,127,6821300,127,1,126,126,123,1,2018,4,4,2,Neutral
2018-04-16,128,128,128,128,4600000,128,0,127,126,123,1,2018,4,0,2,Neutral
2018-04-17,128,128,127,127,4184100,128,0,127,126,123,1,2018,4,1,2,Neutral
2018-04-18,128,129,128,128,6755600,128,0,127,126,123,1,2018,4,2,2,Neutral
2018-04-19,128,128,127,128,8736100,128,0,127,126,123,1,2018,4,3,2,Neutral
2018-04-20,127,127,127,127,10403100,127,-1,127,126,123,1,2018,4,4,2,Neutral
2018-04-23,126,126,125,126,6921500,126,-1,127,126,123,1,2018,4,0,2,Neutral
2018-04-24,126,126,126,126,4733100,126,0,127,126,123,1,2018,4,1,2,Neutral
2018-04-25,125,126,125,125,5985700,125,-1,127,126,123,1,2018,4,2,2,Neutral
2018-04-26,125,126,125,126,7517100,125,0,127,126,124,1,2018,4,3,2,Neutral
2018-04-27,126,126,125,125,5654000,126,0,127,126,124,1,2018,4,4,2,Neutral
2018-04-30,125,125,124,124,9830600,125,-1,127,126,124,1,2018,4,0,2,Neutral
2018-05-01,124,124,123,124,7551600,124,-1,126,126,124,1,2018,5,1,2,Neutral
2018-05-02,124,125,124,124,7614000,124,0,126,126,124,1,2018,5,2,2,Neutral
2018-05-03,124,125,124,125,4857400,124,1,126,126,124,1,2018,5,3,2,Neutral
2018-05-04,125,125,124,124,5883600,125,0,126,126,124,1,2018,5,4,2,Neutral
2018-05-07,125,125,124,125,3397500,125,0,126,126,124,1,2018,5,0,2,Neutral
2018-05-08,125,125,124,124,5551100,125,0,126,126,124,1,2018,5,1,2,Neutral
2018-05-09,124,125,124,124,4405600,124,0,126,126,124,1,2018,5,2,2,Neutral
2018-05-10,125,125,125,125,5218400,125,1,126,126,124,0,2018,5,3,2,Neutral
2018-05-11,125,126,125,126,4299200,125,0,125,126,124,0,2018,5,4,2,Neutral
2018-05-14,124,125,124,125,3753200,124,0,125,126,124,0,2018,5,0,2,Neutral
2018-05-15,122,123,122,123,10911900,122,-2,125,126,124,1,2018,5,1,2,Neutral
2018-05-16,122,123,122,122,4943300,122,0,125,126,124,1,2018,5,2,2,Neutral
2018-05-17,122,122,122,122,7781300,122,0,125,126,124,1,2018,5,3,2,Neutral
2018-05-18,122,123,122,122,6837100,122,0,124,126,124,1,2018,5,4,2,Neutral
2018-05-21,122,123,122,122,4126700,122,0,124,126,124,1,2018,5,0,2,Neutral
2018-05-22,122,123,122,123,4579600,122,0,124,125,124,1,2018,5,1,2,Neutral
2018-05-23,123,123,122,122,7007300,123,0,124,125,124,0,2018,5,2,2,Neutral
2018-05-24,124,124,123,123,8850100,124,1,124,125,124,1,2018,5,3,2,Neutral
2018-05-25,123,124,123,124,7920700,123,0,124,125,124,1,2018,5,4,2,Neutral
2018-05-29,123,124,123,123,9013200,123,0,124,125,124,1,2018,5,1,2,Neutral
2018-05-30,123,124,123,123,4573700,123,0,124,125,124,0,2018,5,2,2,Neutral
2018-05-31,123,124,123,123,7862500,123,0,124,125,124,0,2018,5,3,2,Neutral
2018-06-01,122,123,122,123,8059100,122,0,123,125,124,0,2018,6,4,2,Neutral
2018-06-04,122,123,122,123,4345400,122,0,123,125,124,0,2018,6,0,2,Neutral
2018-06-05,123,123,122,123,6864200,123,0,123,125,124,0,2018,6,1,2,Neutral
2018-06-06,123,123,123,123,4083700,123,0,123,125,124,0,2018,6,2,2,Neutral
2018-06-07,123,123,123,123,3700700,123,0,123,125,124,0,2018,6,3,2,Neutral
2018-06-08,123,123,123,123,3865700,123,0,123,125,124,0,2018,6,4,2,Neutral
2018-06-11,123,123,123,123,3201200,123,0,123,125,124,0,2018,6,0,2,Neutral
2018-06-12,123,123,123,123,7279600,123,0,123,125,124,0,2018,6,1,2,Neutral
2018-06-13,123,123,122,123,5867700,123,0,123,125,124,0,2018,6,2,2,Neutral
2018-06-14,123,124,123,124,8015400,123,0,123,124,124,0,2018,6,3,2,"DEATH CROSS (Bearish)"
2018-06-15,121,122,121,122,14537000,121,-2,123,124,124,0,2018,6,4,2,Neutral
2018-06-18,121,121,121,121,3846000,121,0,123,124,124,0,2018,6,0,2,Neutral
2018-06-19,121,121,121,121,4925800,121,0,123,124,124,0,2018,6,1,2,Neutral
2018-06-20,120,121,120,121,4548500,120,0,123,124,124,0,2018,6,2,2,Neutral
2018-06-21,120,120,120,120,5681900,120,0,122,124,124,0,2018,6,3,2,Neutral
2018-06-22,120,120,120,120,4489400,120,0,122,124,124,0,2018,6,4,2,Neutral
2018-06-25,120,120,120,120,9300200,120,0,122,124,124,0,2018,6,0,2,Neutral
2018-06-26,119,120,119,119,8674500,119,-1,122,123,124,0,2018,6,1,2,Neutral
2018-06-27,119,119,118,119,6480100,119,-1,122,123,124,0,2018,6,2,2,Neutral
2018-06-28,118,119,118,119,7760500,118,0,121,123,124,0,2018,6,3,2,Neutral
2018-06-29,119,119,118,118,8002800,119,0,121,123,124,0,2018,6,4,2,Neutral
2018-07-02,117,118,117,118,12021900,117,-1,121,123,124,0,2018,7,0,3,Neutral
2018-07-03,119,119,118,118,8901000,119,1,121,123,124,1,2018,7,1,3,Neutral
2018-07-05,119,119,119,119,4951900,119,0,121,122,124,1,2018,7,3,3,Neutral
2018-07-06,119,119,119,119,2946900,119,0,120,122,124,1,2018,7,4,3,Neutral
2018-07-09,119,120,119,120,4074900,119,0,120,122,124,1,2018,7,0,3,Neutral
2018-07-10,119,119,119,119,3754800,119,0,120,122,124,1,2018,7,1,3,Neutral
2018-07-11,118,119,118,118,6974500,118,-1,120,122,123,1,2018,7,2,3,Neutral
2018-07-12,118,118,118,118,4585300,118,0,119,122,123,1,2018,7,3,3,Neutral
2018-07-13,118,118,117,118,5444300,118,0,119,122,123,1,2018,7,4,3,Neutral
2018-07-16,118,118,117,118,3670700,118,0,119,122,123,0,2018,7,0,3,Neutral
2018-07-17,116,117,116,117,7939600,116,-1,119,121,123,1,2018,7,1,3,Neutral
2018-07-18,116,116,116,116,5391800,116,0,119,121,123,1,2018,7,2,3,Neutral
2018-07-19,116,116,115,115,14227600,116,0,118,121,123,1,2018,7,3,3,Neutral
2018-07-20,117,117,116,116,7892000,117,1,118,121,123,1,2018,7,4,3,Neutral
2018-07-23,116,116,116,116,6247100,116,0,118,121,123,1,2018,7,0,3,Neutral
2018-07-24,116,116,116,116,4801000,116,0,118,121,123,1,2018,7,1,3,Neutral
2018-07-25,117,117,116,117,5479600,117,1,118,120,123,1,2018,7,2,3,Neutral
2018-07-26,116,117,116,116,6382700,116,-1,117,120,123,1,2018,7,3,3,Neutral
2018-07-27,116,116,116,116,5242000,116,0,117,120,123,1,2018,7,4,3,Neutral
2018-07-30,116,116,116,116,4157400,116,0,117,120,123,1,2018,7,0,3,Neutral
2018-07-31,116,116,115,115,5508500,116,0,117,120,123,1,2018,7,1,3,Neutral
2018-08-01,115,116,115,116,7941700,115,-1,117,120,123,1,2018,8,2,3,Neutral
2018-08-02,115,115,114,115,6204200,115,-1,117,120,123,1,2018,8,3,3,Neutral
2018-08-03,115,116,115,115,5953200,115,0,117,119,123,1,2018,8,4,3,Neutral
2018-08-06,114,115,114,115,5811600,114,-1,116,119,123,1,2018,8,0,3,Neutral
2018-08-07,115,115,114,115,5188000,115,0,116,119,123,1,2018,8,1,3,Neutral
2018-08-08,115,115,114,115,3808000,115,0,116,119,123,0,2018,8,2,3,Neutral
2018-08-09,115,115,115,115,4253000,115,0,116,119,123,0,2018,8,3,3,Neutral
2018-08-10,115,115,115,115,6757900,115,0,116,119,123,0,2018,8,4,3,Neutral
2018-08-13,113,114,113,114,9150900,113,-2,115,118,123,1,2018,8,0,3,Neutral
2018-08-14,113,113,113,113,7085900,113,0,115,118,123,1,2018,8,1,3,Neutral
2018-08-15,111,112,111,112,12398400,111,-2,115,118,123,1,2018,8,2,3,Neutral
2018-08-16,111,112,111,111,7484600,111,0,115,118,123,1,2018,8,3,3,Neutral
2018-08-17,112,112,111,112,8471000,112,1,115,117,123,1,2018,8,4,3,Neutral
2018-08-20,113,113,112,112,5313400,113,0,114,117,123,1,2018,8,0,3,Neutral
2018-08-21,113,113,112,113,5042400,113,0,114,117,122,1,2018,8,1,3,Neutral
2018-08-22,113,113,113,113,6215600,113,0,114,117,122,1,2018,8,2,3,Neutral
2018-08-23,112,113,112,113,5500100,112,-1,114,117,122,1,2018,8,3,3,Neutral
2018-08-24,114,114,113,113,9214700,114,2,114,116,122,1,2018,8,4,3,Neutral
2018-08-27,115,115,114,114,4364000,115,0,114,116,122,1,2018,8,0,3,Neutral
2018-08-28,114,115,114,115,6101400,114,-1,114,116,122,1,2018,8,1,3,Neutral
2018-08-29,114,114,114,114,5616300,114,0,114,116,122,1,2018,8,2,3,Neutral
2018-08-30,114,114,113,114,5431600,114,0,114,116,122,1,2018,8,3,3,Neutral
2018-08-31,114,114,113,114,5048700,114,0,113,116,122,1,2018,8,4,3,Neutral
2018-09-04,113,113,113,113,6617500,113,-1,113,116,122,1,2018,9,1,3,Neutral
2018-09-05,113,113,113,113,4459200,113,0,113,115,122,1,2018,9,2,3,Neutral
2018-09-06,114,114,113,114,4784700,114,0,113,115,122,1,2018,9,3,3,Neutral
2018-09-07,113,114,113,113,3714000,113,0,113,115,122,1,2018,9,4,3,Neutral
2018-09-10,113,113,113,113,2316500,113,0,113,115,122,1,2018,9,0,3,Neutral
2018-09-11,113,113,112,113,3791300,113,0,113,115,122,1,2018,9,1,3,Neutral
2018-09-12,114,114,113,113,6315900,114,1,113,115,122,1,2018,9,2,3,Neutral
2018-09-13,114,115,114,115,5635900,114,0,113,115,122,1,2018,9,3,3,Neutral
2018-09-14,113,114,113,114,5375600,113,-1,113,115,122,1,2018,9,4,3,Neutral
2018-09-17,114,114,114,114,4727300,114,1,113,115,122,1,2018,9,0,3,Neutral
2018-09-18,113,114,113,114,4737800,113,0,113,115,122,1,2018,9,1,3,Neutral
2018-09-19,114,114,114,114,4223200,114,0,114,114,122,1,2018,9,2,3,Neutral
2018-09-20,114,114,114,114,4384200,114,0,114,114,122,1,2018,9,3,3,Neutral
2018-09-21,113,114,113,113,6831400,113,-1,114,114,122,1,2018,9,4,3,Neutral
2018-09-24,113,114,113,114,4435300,113,0,114,114,122,0,2018,9,0,3,Neutral
2018-09-25,114,114,114,114,3004800,114,0,114,114,122,0,2018,9,1,3,Neutral
2018-09-26,113,114,113,113,8297300,113,-1,114,114,122,0,2018,9,2,3,Neutral
2018-09-27,112,112,112,112,7683400,112,-1,113,114,121,0,2018,9,3,3,Neutral
2018-09-28,113,113,112,112,6020600,113,1,113,114,121,0,2018,9,4,3,Neutral
2018-10-01,113,113,112,112,3892600,113,0,113,114,121,0,2018,10,0,4,Neutral
2018-10-02,114,114,114,114,10776700,114,1,113,114,121,1,2018,10,1,4,Neutral
2018-10-03,113,114,113,114,6674500,113,0,113,114,121,1,2018,10,2,4,Neutral
2018-10-04,113,114,113,114,6616200,113,0,113,114,121,1,2018,10,3,4,Neutral
2018-10-05,114,114,114,114,7994400,114,0,113,114,121,1,2018,10,4,4,Neutral
2018-10-08,113,113,112,112,12111600,113,-1,113,114,121,1,2018,10,0,4,Neutral
2018-10-09,113,113,112,112,8352300,113,0,113,114,121,1,2018,10,1,4,Neutral
2018-10-10,113,113,112,112,10571300,113,0,113,113,121,1,2018,10,2,4,Neutral
2018-10-11,116,116,114,114,26810900,116,3,113,113,121,1,2018,10,3,4,Neutral
2018-10-12,115,116,115,116,12939300,115,0,113,113,121,1,2018,10,4,4,Neutral
2018-10-15,116,117,116,116,11828400,116,1,114,113,121,1,2018,10,0,4,Neutral
2018-10-16,116,117,116,116,9531800,116,0,114,114,121,1,2018,10,1,4,Neutral
2018-10-17,116,116,116,116,7078600,116,0,114,114,121,1,2018,10,2,4,Neutral
2018-10-18,116,116,116,116,7964100,116,0,114,114,121,1,2018,10,3,4,Neutral
2018-10-19,116,116,116,116,7453900,116,0,114,114,121,1,2018,10,4,4,Neutral
2018-10-22,116,116,115,116,5200500,116,0,114,114,121,1,2018,10,0,4,Neutral
2018-10-23,116,117,116,117,12704200,116,1,114,114,121,1,2018,10,1,4,Neutral
2018-10-24,117,117,116,116,8563300,117,0,114,114,121,1,2018,10,2,4,Neutral
2018-10-25,116,117,116,117,8303500,116,0,115,114,121,1,2018,10,3,4,Neutral
2018-10-26,117,118,116,117,15733100,117,0,115,114,121,1,2018,10,4,4,Neutral
2018-10-29,116,117,116,116,8732500,116,0,115,114,121,1,2018,10,0,4,Neutral
2018-10-30,116,116,116,116,7233300,116,0,115,114,121,1,2018,10,1,4,Neutral
2018-10-31,115,115,115,115,11409300,115,-1,115,114,121,1,2018,10,2,4,Neutral
2018-11-01,117,117,116,116,13662900,117,1,115,114,120,1,2018,11,3,4,Neutral
2018-11-02,117,117,116,117,8796900,117,0,116,114,120,1,2018,11,4,4,Neutral
2018-11-05,116,117,116,116,6291500,116,0,116,114,120,1,2018,11,0,4,Neutral
2018-11-06,116,117,116,116,7270800,116,0,116,114,120,1,2018,11,1,4,Neutral
2018-11-07,116,116,116,116,8392100,116,0,116,114,120,1,2018,11,2,4,Neutral
2018-11-08,116,116,116,116,7638800,116,0,116,114,120,0,2018,11,3,4,Neutral
2018-11-09,114,115,114,115,14159200,114,-1,116,114,120,1,2018,11,4,4,Neutral
2018-11-12,114,114,114,114,7498600,114,-1,116,114,120,0,2018,11,0,4,Neutral
2018-11-13,114,114,113,114,9309000,114,0,116,115,120,0,2018,11,1,4,Neutral
2018-11-14,115,115,113,114,13950200,115,1,116,115,120,1,2018,11,2,4,Neutral
2018-11-15,115,115,115,115,8910600,115,0,116,115,120,1,2018,11,3,4,Neutral
2018-11-16,116,116,115,116,8577000,116,1,116,115,120,1,2018,11,4,4,Neutral
2018-11-19,116,116,115,115,8508300,116,0,116,115,120,1,2018,11,0,4,Neutral
2018-11-20,116,116,115,116,9075100,116,0,116,115,120,1,2018,11,1,4,Neutral
2018-11-21,116,116,116,116,8834200,116,0,116,115,120,1,2018,11,2,4,Neutral
2018-11-23,116,116,116,116,3726600,116,0,116,115,120,1,2018,11,4,4,Neutral
2018-11-26,116,116,116,116,4018600,116,0,116,115,120,1,2018,11,0,4,Neutral
2018-11-27,115,116,115,116,9671100,115,-1,115,115,120,1,2018,11,1,4,Neutral
2018-11-28,115,116,115,115,13788800,115,0,115,115,119,1,2018,11,2,4,Neutral
2018-11-29,116,116,116,116,6479300,116,0,115,115,119,1,2018,11,3,4,Neutral
2018-11-30,116,116,115,115,8169600,116,0,115,115,119,0,2018,11,4,4,Neutral
2018-12-03,116,117,116,117,8469500,116,1,115,115,119,0,2018,12,0,4,Neutral
2018-12-04,117,117,117,117,7186100,117,1,115,115,119,0,2018,12,1,4,Neutral
2018-12-06,117,118,117,117,9267600,117,0,115,115,119,0,2018,12,3,4,Neutral
2018-12-07,118,118,118,118,10402900,118,1,116,115,119,1,2018,12,4,4,Neutral
2018-12-10,118,118,117,118,8117900,118,0,116,115,119,1,2018,12,0,4,Neutral
2018-12-11,118,118,117,118,6395400,118,0,116,115,119,0,2018,12,1,4,Neutral
2018-12-12,118,118,118,118,4136800,118,0,116,116,119,0,2018,12,2,4,Neutral
2018-12-13,118,118,117,118,4131800,118,0,116,116,119,0,2018,12,3,4,Neutral
2018-12-14,117,117,117,117,7501700,117,0,116,116,119,0,2018,12,4,4,Neutral
2018-12-17,118,118,117,117,8454900,118,1,117,116,119,0,2018,12,0,4,Neutral
2018-12-18,118,118,118,118,7542900,118,0,117,116,119,0,2018,12,1,4,Neutral
2018-12-19,117,119,117,118,13827500,117,-1,117,116,119,0,2018,12,2,4,Neutral
2018-12-20,119,120,119,119,18615100,119,2,117,116,119,1,2018,12,3,4,Neutral
2018-12-21,119,119,119,119,13629800,119,0,117,116,119,1,2018,12,4,4,Neutral
2018-12-24,120,120,120,120,9736400,120,1,117,116,119,1,2018,12,0,4,Neutral
2018-12-26,120,121,120,121,14293500,120,0,117,116,119,1,2018,12,2,4,Neutral
2018-12-27,121,121,120,121,11874400,121,1,118,117,119,1,2018,12,3,4,Neutral
2018-12-28,121,121,121,121,6864700,121,0,118,117,119,1,2018,12,4,4,Neutral
2018-12-31,121,121,121,121,8449400,121,0,118,117,119,1,2018,12,0,4,Neutral
2019-01-02,121,122,121,121,12776200,121,0,119,117,119,1,2019,1,2,1,Neutral
2019-01-03,122,122,122,122,15440800,122,1,119,117,119,1,2019,1,3,1,Neutral
2019-01-04,121,122,121,121,13334000,121,-1,119,117,119,1,2019,1,4,1,Neutral
2019-01-07,122,122,122,122,7473600,122,0,119,117,119,1,2019,1,0,1,Neutral
2019-01-08,122,122,121,121,7643100,122,0,120,117,119,1,2019,1,1,1,Neutral
2019-01-09,122,122,121,121,10555900,122,1,120,117,119,1,2019,1,2,1,Neutral
2019-01-10,122,122,122,122,6672000,122,-1,120,117,119,1,2019,1,3,1,Neutral
2019-01-11,122,122,122,122,8622400,122,0,120,118,118,1,2019,1,4,1,Neutral
2019-01-14,122,122,122,122,6477100,122,0,120,118,118,1,2019,1,0,1,Neutral
2019-01-15,122,122,122,122,7512500,122,0,121,118,118,1,2019,1,1,1,Neutral
2019-01-16,122,122,122,122,6878100,122,0,121,118,118,1,2019,1,2,1,Neutral
2019-01-17,122,122,122,122,8558500,122,0,121,118,118,1,2019,1,3,1,Neutral
2019-01-18,121,122,121,121,10896000,121,-1,121,118,118,1,2019,1,4,1,Neutral
2019-01-22,121,122,121,121,7896500,121,0,121,118,118,1,2019,1,1,1,Neutral
2019-01-23,121,122,121,121,5224900,121,0,121,118,118,1,2019,1,2,1,Neutral
2019-01-24,121,121,121,121,5662500,121,0,122,118,118,0,2019,1,3,1,Neutral
2019-01-25,123,123,122,122,11103300,123,1,122,119,118,1,2019,1,4,1,"GOLDEN CROSS (Bullish)"
2019-01-28,123,123,123,123,8522200,123,0,122,119,118,1,2019,1,0,1,Neutral
2019-01-29,124,124,123,124,11610200,124,1,122,119,118,1,2019,1,1,1,Neutral
2019-01-30,125,125,124,124,12104000,125,1,122,119,118,1,2019,1,2,1,Neutral
2019-01-31,125,125,125,125,10209500,125,0,122,119,118,1,2019,1,3,1,Neutral
2019-02-01,125,125,124,125,12485500,125,0,122,120,118,1,2019,2,4,1,Neutral
2019-02-04,124,124,124,124,6878900,124,0,123,120,118,1,2019,2,0,1,Neutral
2019-02-05,124,124,124,124,6291100,124,0,123,120,118,1,2019,2,1,1,Neutral
2019-02-06,123,124,123,124,6595100,123,-1,123,120,118,1,2019,2,2,1,Neutral
2019-02-07,124,124,123,124,5935500,124,0,123,120,118,1,2019,2,3,1,Neutral
2019-02-08,124,124,124,124,4235200,124,0,123,120,118,1,2019,2,4,1,Neutral
2019-02-11,124,124,123,123,4821800,124,0,123,121,118,1,2019,2,0,1,Neutral
2019-02-12,124,124,124,124,4271900,124,0,123,121,118,1,2019,2,1,1,Neutral
2019-02-13,123,125,123,124,7640500,123,0,123,121,118,1,2019,2,2,1,Neutral
2019-02-14,124,124,124,124,6276500,124,1,123,121,118,1,2019,2,3,1,Neutral
2019-02-15,125,125,124,125,12190100,125,1,123,121,118,1,2019,2,4,1,Neutral
2019-02-19,127,127,126,126,15614000,127,2,124,121,118,1,2019,2,1,1,Neutral
2019-02-20,126,127,126,127,8889700,126,0,124,122,118,1,2019,2,2,1,Neutral
2019-02-21,125,126,125,126,8634600,125,-1,124,122,118,1,2019,2,3,1,Neutral
2019-02-22,126,126,125,126,5439400,126,0,124,122,118,1,2019,2,4,1,Neutral
2019-02-25,125,126,125,126,4882600,125,0,124,122,118,1,2019,2,0,1,Neutral
2019-02-26,126,126,125,125,5153200,126,0,125,122,118,1,2019,2,1,1,Neutral
2019-02-27,125,125,124,125,7935600,125,-1,125,122,118,1,2019,2,2,1,Neutral
2019-02-28,124,125,124,125,7811700,124,-1,125,123,118,1,2019,2,3,1,Neutral
2019-03-01,122,124,122,123,16411700,122,-2,124,123,118,1,2019,3,4,1,Neutral
2019-03-04,122,122,121,122,10272600,122,0,124,123,118,1,2019,3,0,1,Neutral
2019-03-05,122,122,121,121,7120100,122,0,124,123,118,1,2019,3,1,1,Neutral
2019-03-06,122,122,121,121,4820400,122,0,124,123,118,1,2019,3,2,1,Neutral
2019-03-07,122,122,121,121,6088800,122,0,124,123,118,1,2019,3,3,1,Neutral
2019-03-08,123,123,122,123,10427700,123,1,124,123,118,1,2019,3,4,1,Neutral
2019-03-11,122,123,122,123,6708700,122,0,124,123,118,1,2019,3,0,1,Neutral
2019-03-12,123,123,122,123,6289900,123,1,124,123,118,1,2019,3,1,1,Neutral
2019-03-13,124,124,123,124,7377300,124,1,124,123,118,1,2019,3,2,1,Neutral
2019-03-14,122,123,122,122,6778200,122,-1,124,123,118,1,2019,3,3,1,Neutral
2019-03-15,123,123,123,123,9412000,123,0,124,123,118,1,2019,3,4,1,Neutral
2019-03-18,123,123,123,123,7783200,123,0,124,123,118,1,2019,3,0,1,Neutral
2019-03-19,123,124,123,124,6558700,123,0,123,123,118,1,2019,3,1,1,Neutral
2019-03-20,124,124,123,124,11304900,124,1,123,123,118,1,2019,3,2,1,Neutral
2019-03-21,124,124,123,124,7739800,124,0,123,123,118,1,2019,3,3,1,Neutral
2019-03-22,124,124,124,124,5874000,124,0,123,123,118,1,2019,3,4,1,Neutral
2019-03-25,125,125,124,125,7288300,125,1,123,123,118,1,2019,3,0,1,Neutral
2019-03-26,124,125,124,124,5056100,124,0,123,123,118,1,2019,3,1,1,Neutral
2019-03-27,124,124,124,124,6595000,124,-1,123,123,118,1,2019,3,2,1,Neutral
2019-03-28,122,122,122,122,11878300,122,-1,123,123,118,1,2019,3,3,1,Neutral
2019-03-29,122,123,122,123,7093900,122,0,123,123,118,1,2019,3,4,1,Neutral
2019-04-01,122,122,121,122,13560000,122,0,123,123,118,1,2019,4,0,2,Neutral
2019-04-02,122,122,122,122,4475000,122,0,123,123,118,1,2019,4,1,2,Neutral
2019-04-03,122,122,122,122,6152200,122,0,123,124,118,1,2019,4,2,2,Neutral
2019-04-04,122,122,121,121,7508400,122,0,123,124,118,1,2019,4,3,2,Neutral
2019-04-05,122,122,122,122,5114500,122,0,123,124,118,1,2019,4,4,2,Neutral
2019-04-08,123,123,122,123,4270800,123,0,123,124,118,1,2019,4,0,2,Neutral
2019-04-09,123,123,123,123,4648400,123,1,123,124,118,1,2019,4,1,2,Neutral
2019-04-10,124,124,123,123,6344800,124,0,123,124,118,1,2019,4,2,2,Neutral
2019-04-11,122,123,122,123,11694500,122,-1,123,123,118,1,2019,4,3,2,Neutral
2019-04-12,122,122,122,122,5272800,122,0,123,123,118,1,2019,4,4,2,Neutral
2019-04-15,122,122,121,121,4252400,122,0,123,123,118,1,2019,4,0,2,Neutral
2019-04-16,121,121,120,120,10097800,121,-1,123,123,118,1,2019,4,1,2,Neutral
2019-04-17,120,121,120,120,4693900,120,0,122,123,118,1,2019,4,2,2,Neutral
2019-04-18,120,121,120,120,4090400,120,0,122,123,118,1,2019,4,3,2,Neutral
2019-04-22,120,121,120,120,2250900,120,0,122,123,118,1,2019,4,0,2,Neutral
2019-04-23,120,120,120,120,5574800,120,0,122,123,118,1,2019,4,1,2,Neutral
2019-04-24,120,121,120,120,4173000,120,0,122,123,118,1,2019,4,2,2,Neutral
2019-04-25,121,121,121,121,4836900,121,0,122,123,118,1,2019,4,3,2,Neutral
2019-04-26,121,122,121,121,6022700,121,1,122,123,118,0,2019,4,4,2,Neutral
2019-04-29,121,121,121,121,4469300,121,0,121,123,118,0,2019,4,0,2,Neutral
2019-04-30,121,121,121,121,4758600,121,0,121,123,118,0,2019,4,1,2,Neutral
2019-05-01,120,122,120,121,12331800,120,-1,121,123,118,0,2019,5,2,2,Neutral
2019-05-02,120,120,120,120,6759600,120,0,121,122,118,0,2019,5,3,2,Neutral
2019-05-03,121,121,120,121,8414400,121,1,121,122,118,1,2019,5,4,2,Neutral
2019-05-06,121,121,121,121,3479600,121,0,121,122,118,1,2019,5,0,2,Neutral
2019-05-07,121,121,121,121,4010700,121,0,121,122,118,1,2019,5,1,2,Neutral
2019-05-08,121,122,121,122,4178800,121,0,121,122,118,0,2019,5,2,2,Neutral
2019-05-09,121,122,121,121,5015500,121,0,121,122,118,0,2019,5,3,2,Neutral
2019-05-10,121,122,121,121,4586000,121,0,121,122,118,0,2019,5,4,2,Neutral
2019-05-13,123,123,122,123,11130900,123,1,121,122,119,0,2019,5,0,2,Neutral
2019-05-14,122,123,122,123,5556000,122,0,121,122,119,0,2019,5,1,2,Neutral
2019-05-15,122,123,122,123,10299000,122,0,121,122,119,0,2019,5,2,2,Neutral
2019-05-16,122,122,121,122,6349400,122,-1,121,122,119,0,2019,5,3,2,Neutral
2019-05-17,121,121,120,121,6589300,121,-1,121,122,119,0,2019,5,4,2,Neutral
2019-05-20,121,121,120,121,4345800,121,0,121,122,119,0,2019,5,0,2,Neutral
2019-05-21,120,120,120,120,3845600,120,0,121,122,119,0,2019,5,1,2,Neutral
2019-05-22,120,121,120,120,3741800,120,0,121,122,119,0,2019,5,2,2,Neutral
2019-05-23,121,122,121,121,6054600,121,1,121,122,119,0,2019,5,3,2,Neutral
2019-05-24,121,121,121,121,2324700,121,0,121,122,119,0,2019,5,4,2,Neutral
2019-05-28,121,121,120,121,4303500,121,0,121,122,119,0,2019,5,1,2,Neutral
2019-05-29,121,121,121,121,4133200,121,0,121,122,119,0,2019,5,2,2,Neutral
2019-05-30,122,122,121,121,7757000,122,1,121,122,119,0,2019,5,3,2,Neutral
2019-05-31,123,123,122,123,15367000,123,1,121,122,119,1,2019,5,4,2,Neutral
2019-06-03,125,125,124,124,14173600,125,1,122,122,119,1,2019,6,0,2,Neutral
2019-06-04,125,125,125,125,7997100,125,0,122,122,119,1,2019,6,1,2,Neutral
2019-06-05,125,126,125,126,7637900,125,0,122,122,119,1,2019,6,2,2,Neutral
2019-06-06,126,126,126,126,5551800,126,0,122,122,119,1,2019,6,3,2,Neutral
2019-06-07,127,127,126,127,8145900,127,1,122,122,119,1,2019,6,4,2,Neutral
2019-06-10,125,126,125,125,5410000,125,-1,123,122,119,1,2019,6,0,2,Neutral
2019-06-11,125,125,125,125,4757800,125,0,123,122,119,1,2019,6,1,2,Neutral
2019-06-12,126,126,126,126,5756200,126,1,123,122,119,1,2019,6,2,2,Neutral
2019-06-13,127,127,126,126,5374800,127,1,123,122,120,1,2019,6,3,2,Neutral
2019-06-14,127,128,126,127,9226100,127,0,123,122,120,1,2019,6,4,2,Neutral
2019-06-17,126,127,126,127,4763300,126,0,124,122,120,1,2019,6,0,2,Neutral
2019-06-18,127,128,126,128,10309600,127,1,124,122,120,1,2019,6,1,2,Neutral
2019-06-19,128,128,127,127,11660600,128,1,124,122,120,1,2019,6,2,2,Neutral
2019-06-20,131,131,130,130,18636300,131,3,125,123,120,1,2019,6,3,2,Neutral
2019-06-21,132,132,131,132,15068000,132,1,126,123,120,1,2019,6,4,2,Neutral
2019-06-24,134,134,133,133,17851800,134,1,126,123,120,1,2019,6,0,2,Neutral
2019-06-25,134,136,133,135,24772200,134,0,127,123,120,1,2019,6,1,2,Neutral
2019-06-26,133,134,132,133,12016400,133,-1,127,124,120,1,2019,6,2,2,Neutral
2019-06-27,133,133,132,132,8412800,133,0,128,124,120,1,2019,6,3,2,Neutral
2019-06-28,133,133,133,133,8077000,133,0,128,124,120,1,2019,6,4,2,Neutral
2019-07-01,131,132,131,132,13317700,131,-2,129,124,121,1,2019,7,0,3,Neutral
2019-07-02,133,134,131,131,13282100,133,2,129,124,121,1,2019,7,1,3,Neutral
2019-07-03,134,134,133,134,6351500,134,0,130,125,121,1,2019,7,2,3,Neutral
2019-07-05,132,132,131,131,11536600,132,-1,130,125,121,1,2019,7,4,3,Neutral
2019-07-08,131,132,131,132,8028900,131,-1,130,125,121,1,2019,7,0,3,Neutral
2019-07-09,132,132,131,131,6633400,132,0,130,125,121,1,2019,7,1,3,Neutral
2019-07-10,134,134,132,133,13920600,134,2,131,126,121,1,2019,7,2,3,Neutral
2019-07-11,133,134,132,134,7535100,133,-1,131,126,121,1,2019,7,3,3,Neutral
2019-07-12,134,134,133,133,6309500,134,1,132,126,121,1,2019,7,4,3,Neutral
2019-07-15,134,134,133,133,4026600,134,0,132,126,121,1,2019,7,0,3,Neutral
2019-07-16,132,133,132,133,7966000,132,-1,132,127,122,1,2019,7,1,3,Neutral
2019-07-17,135,135,133,133,11288300,135,2,133,127,122,1,2019,7,2,3,Neutral
2019-07-18,136,137,134,134,18448200,136,1,133,127,122,1,2019,7,3,3,Neutral
2019-07-19,134,136,134,135,18079200,134,-1,133,128,122,1,2019,7,4,3,Neutral
2019-07-22,134,135,134,135,7570400,134,0,133,128,122,1,2019,7,0,3,Neutral
2019-07-23,134,135,134,134,9981400,134,-1,133,128,122,1,2019,7,1,3,Neutral
2019-07-24,134,135,134,135,6715200,134,1,133,128,122,1,2019,7,2,3,Neutral
2019-07-25,133,134,133,134,11708200,133,-1,133,128,122,1,2019,7,3,3,Neutral
2019-07-26,134,134,134,134,6249900,134,0,133,129,122,1,2019,7,4,3,Neutral
2019-07-29,135,135,133,134,9162400,135,1,133,129,122,1,2019,7,0,3,Neutral
2019-07-30,135,135,134,135,9458700,135,0,134,129,123,1,2019,7,1,3,Neutral
2019-07-31,133,135,133,135,18797200,133,-1,134,130,123,1,2019,7,2,3,Neutral
2019-08-01,136,136,132,132,27719800,136,2,134,130,123,1,2019,8,3,3,Neutral
2019-08-02,136,137,135,135,13753200,136,0,134,130,123,1,2019,8,4,3,Neutral
2019-08-05,138,139,137,138,17519800,138,1,134,130,123,1,2019,8,0,3,Neutral
2019-08-06,139,139,138,138,9471200,139,1,135,131,123,1,2019,8,1,3,Neutral
2019-08-07,141,142,141,141,26671100,141,2,135,131,123,1,2019,8,2,3,Neutral
2019-08-08,142,142,141,141,13108600,142,1,135,132,123,1,2019,8,3,3,Neutral
2019-08-09,141,142,141,141,9485900,141,0,136,132,123,1,2019,8,4,3,Neutral
2019-08-12,143,143,142,142,15264000,143,1,136,132,124,1,2019,8,0,3,Neutral
2019-08-13,142,143,139,143,29842800,142,-1,137,133,124,1,2019,8,1,3,Neutral
2019-08-14,143,144,142,143,20672900,143,1,137,133,124,1,2019,8,2,3,Neutral
2019-08-15,144,144,143,143,13467800,144,1,138,133,124,1,2019,8,3,3,Neutral
2019-08-16,143,143,142,143,11728800,143,-1,138,134,124,1,2019,8,4,3,Neutral
2019-08-19,141,142,141,141,10552700,141,-1,138,134,124,1,2019,8,0,3,Neutral
2019-08-20,142,142,142,142,7478500,142,1,139,134,124,1,2019,8,1,3,Neutral
2019-08-21,142,142,141,142,8114700,142,0,139,135,125,1,2019,8,2,3,Neutral
2019-08-22,141,142,141,141,6846500,141,0,139,135,125,1,2019,8,3,3,Neutral
2019-08-23,144,144,142,142,20282200,144,2,140,135,125,1,2019,8,4,3,Neutral
2019-08-26,144,145,144,144,12195800,144,0,140,136,125,1,2019,8,0,3,Neutral
2019-08-27,146,146,144,144,12844100,146,1,141,136,125,1,2019,8,1,3,Neutral
2019-08-28,145,146,145,145,11452400,145,0,142,137,125,1,2019,8,2,3,Neutral
2019-08-29,144,145,143,145,14762500,144,-1,142,137,125,1,2019,8,3,3,Neutral
2019-08-30,144,145,143,144,9642200,144,0,142,137,126,1,2019,8,4,3,Neutral
2019-09-03,146,146,145,145,15615200,146,1,143,137,126,1,2019,9,1,3,Neutral
2019-09-04,147,147,146,146,11285900,147,1,143,138,126,1,2019,9,2,3,Neutral
2019-09-05,143,145,142,145,20293200,143,-2,143,138,126,1,2019,9,3,3,Neutral
2019-09-06,142,144,142,144,14175200,142,-1,143,138,126,1,2019,9,4,3,Neutral
2019-09-09,141,142,141,142,11323800,141,0,143,138,126,1,2019,9,0,3,Neutral
2019-09-10,140,142,140,141,12629200,140,-1,143,138,126,1,2019,9,1,3,Neutral
2019-09-11,141,141,140,140,7453000,141,1,143,139,127,1,2019,9,2,3,Neutral
2019-09-12,141,143,141,143,12673700,141,0,143,139,127,1,2019,9,3,3,Neutral
2019-09-13,140,142,140,142,13451700,140,-1,143,139,127,1,2019,9,4,3,Neutral
2019-09-16,141,142,141,142,8094600,141,1,143,139,127,1,2019,9,0,3,Neutral
2019-09-17,142,142,141,142,7010200,142,0,143,139,127,1,2019,9,1,3,Neutral
2019-09-18,141,143,140,142,15026300,141,-1,143,139,127,1,2019,9,2,3,Neutral
2019-09-19,141,142,141,142,8057400,141,0,143,140,127,1,2019,9,3,3,Neutral
2019-09-20,143,143,141,142,12110000,143,1,143,140,127,1,2019,9,4,3,Neutral
2019-09-23,144,144,143,143,9006500,144,1,143,140,128,1,2019,9,0,3,Neutral
2019-09-24,145,145,143,143,10576300,145,1,143,140,128,1,2019,9,1,3,Neutral
2019-09-25,142,144,141,144,11648400,142,-2,143,140,128,1,2019,9,2,3,Neutral
2019-09-26,142,143,142,142,7984600,142,0,142,140,128,1,2019,9,3,3,Neutral
2019-09-27,141,142,140,140,9804200,141,-1,142,141,128,1,2019,9,4,3,Neutral
2019-09-30,139,140,138,140,15459100,139,-2,142,141,128,1,2019,9,0,3,Neutral
2019-10-01,140,140,138,138,12476200,140,1,142,141,128,1,2019,10,1,4,Neutral
2019-10-02,141,142,140,141,11914300,141,1,141,141,128,1,2019,10,2,4,Neutral
2019-10-03,142,143,141,141,12396100,142,0,141,141,128,1,2019,10,3,4,Neutral
2019-10-04,142,142,141,141,9651000,142,0,141,141,129,1,2019,10,4,4,Neutral
2019-10-07,141,142,140,141,6127200,141,-1,141,141,129,1,2019,10,0,4,Neutral
2019-10-08,142,142,141,142,10428900,142,1,141,142,129,1,2019,10,1,4,Neutral
2019-10-09,142,143,142,142,6927700,142,0,142,142,129,1,2019,10,2,4,Neutral
2019-10-10,141,142,141,142,9301700,141,-1,141,142,129,1,2019,10,3,4,Neutral
2019-10-11,140,140,139,140,11333400,140,-1,141,142,129,1,2019,10,4,4,Neutral
2019-10-14,141,141,140,140,4006700,141,0,141,142,129,1,2019,10,0,4,Neutral
2019-10-15,140,140,139,140,9128300,140,-1,141,142,129,1,2019,10,1,4,Neutral
2019-10-16,140,141,140,140,10330300,140,1,141,142,129,1,2019,10,2,4,Neutral
2019-10-17,141,141,140,141,6131000,141,0,141,142,130,1,2019,10,3,4,Neutral
2019-10-18,140,141,140,141,6416100,140,0,141,142,130,1,2019,10,4,4,Neutral
2019-10-21,140,141,140,141,8306200,140,0,141,142,130,1,2019,10,0,4,Neutral
2019-10-22,140,140,140,140,3879700,140,0,141,142,130,1,2019,10,1,4,Neutral
2019-10-23,141,141,141,141,4155300,141,0,141,142,130,1,2019,10,2,4,Neutral
2019-10-24,142,142,141,141,6174800,142,1,141,142,130,1,2019,10,3,4,Neutral
2019-10-25,142,143,141,143,6011500,142,0,141,142,130,1,2019,10,4,4,Neutral
2019-10-28,141,141,140,141,5442000,141,-1,141,142,130,1,2019,10,0,4,Neutral
2019-10-29,140,141,140,140,3835400,140,0,141,142,130,1,2019,10,1,4,Neutral
2019-10-30,141,141,140,141,6992900,141,1,141,142,130,1,2019,10,2,4,Neutral
2019-10-31,142,143,142,142,7050900,142,1,141,142,130,1,2019,10,3,4,Neutral
2019-11-01,143,143,142,142,8090000,143,0,141,142,131,1,2019,11,4,4,Neutral
2019-11-04,142,142,142,142,4740300,142,0,141,142,131,1,2019,11,0,4,Neutral
2019-11-05,140,141,139,141,11782300,140,-2,141,142,131,1,2019,11,1,4,Neutral
2019-11-06,140,141,140,140,6416500,140,0,141,142,131,1,2019,11,2,4,Neutral
2019-11-07,138,140,138,140,15214200,138,-2,141,141,131,1,2019,11,3,4,Neutral
2019-11-08,137,138,137,138,10377400,137,-1,141,141,131,1,2019,11,4,4,Neutral
2019-11-11,137,138,136,138,7037300,137,0,140,141,131,1,2019,11,0,4,Neutral
2019-11-12,137,138,136,137,6448600,137,0,140,141,131,1,2019,11,1,4,Neutral
2019-11-13,138,138,138,138,8776000,138,0,140,141,131,1,2019,11,2,4,Neutral
2019-11-14,139,139,138,138,5220500,139,0,140,141,131,1,2019,11,3,4,Neutral
2019-11-15,138,138,138,138,10106700,138,0,140,141,131,1,2019,11,4,4,Neutral
2019-11-18,139,139,138,138,5717900,139,0,140,141,131,1,2019,11,0,4,Neutral
2019-11-19,139,139,138,138,4824400,139,0,140,141,132,1,2019,11,1,4,Neutral
2019-11-20,139,139,138,139,6892100,139,0,140,141,132,1,2019,11,2,4,Neutral
2019-11-21,138,139,138,138,4197200,138,-1,140,140,132,1,2019,11,3,4,Neutral
2019-11-22,138,138,138,138,3620300,138,0,139,140,132,1,2019,11,4,4,Neutral
2019-11-25,137,138,137,137,6415800,137,0,139,140,132,1,2019,11,0,4,Neutral
2019-11-26,138,138,137,137,4724400,138,0,139,140,132,1,2019,11,1,4,Neutral
2019-11-27,137,137,137,137,4111000,137,-1,139,140,132,1,2019,11,2,4,Neutral
2019-11-29,138,138,137,137,4516400,138,1,139,140,132,1,2019,11,4,4,Neutral
2019-12-02,138,138,137,137,8274700,138,0,138,140,132,1,2019,12,0,4,Neutral
2019-12-03,139,140,139,139,8481700,139,1,138,140,132,1,2019,12,1,4,Neutral
2019-12-04,139,139,139,139,6322300,139,0,138,140,132,1,2019,12,2,4,Neutral
2019-12-05,139,139,139,139,5671500,139,0,138,140,132,1,2019,12,3,4,Neutral
2019-12-06,138,138,137,138,8714500,138,-1,138,140,132,0,2019,12,4,4,Neutral
2019-12-09,138,138,137,138,2711600,138,0,138,140,132,0,2019,12,0,4,Neutral
2019-12-10,138,138,138,138,3240800,138,0,138,140,132,0,2019,12,1,4,Neutral
2019-12-11,139,139,138,138,6097500,139,1,138,140,133,0,2019,12,2,4,Neutral
2019-12-12,138,140,138,140,8815100,138,0,138,140,133,0,2019,12,3,4,Neutral
2019-12-13,139,139,138,139,6964300,139,0,138,139,133,0,2019,12,4,4,Neutral
2019-12-16,139,139,139,139,4646100,139,0,138,139,133,0,2019,12,0,4,Neutral
2019-12-17,139,139,139,139,4287500,139,0,138,139,133,0,2019,12,1,4,Neutral
2019-12-18,139,139,139,139,3607600,139,0,138,139,133,0,2019,12,2,4,Neutral
2019-12-19,139,140,139,139,4975000,139,0,138,139,133,0,2019,12,3,4,Neutral
2019-12-20,140,140,139,139,4463900,140,0,138,139,133,0,2019,12,4,4,Neutral
2019-12-23,140,140,140,140,5180900,140,0,138,139,133,0,2019,12,0,4,Neutral
2019-12-24,141,141,140,140,5303700,141,1,139,139,133,0,2019,12,1,4,Neutral
2019-12-26,142,142,142,142,8342500,142,1,139,139,133,0,2019,12,3,4,Neutral
2019-12-27,142,143,142,142,5119900,142,0,139,139,133,0,2019,12,4,4,Neutral
2019-12-30,143,143,142,143,4810600,143,0,139,139,134,0,2019,12,0,4,Neutral
2019-12-31,143,144,143,143,5313500,143,0,140,139,134,0,2019,12,1,4,Neutral
2020-01-02,144,144,143,144,7733800,144,1,140,140,134,0,2020,1,3,1,Neutral
2020-01-03,146,146,145,146,12272800,146,1,140,140,134,0,2020,1,4,1,Neutral
2020-01-06,147,148,147,148,14403300,147,1,141,140,134,1,2020,1,0,1,Neutral
2020-01-07,148,148,147,148,7978500,148,0,141,140,134,0,2020,1,1,1,Neutral
2020-01-08,147,149,146,148,22248500,147,-1,142,140,134,0,2020,1,2,1,Neutral
2020-01-09,146,146,145,146,10292300,146,-1,142,140,134,1,2020,1,3,1,Neutral
2020-01-10,147,147,146,146,6183300,147,1,142,140,134,1,2020,1,4,1,Neutral
2020-01-13,146,146,146,146,7593800,146,-1,143,140,135,1,2020,1,0,1,Neutral
2020-01-14,146,146,145,145,6589700,146,0,143,140,135,1,2020,1,1,1,Neutral
2020-01-15,147,147,146,146,6510000,147,1,144,140,135,1,2020,1,2,1,Neutral
2020-01-16,146,146,146,146,6069100,146,0,144,141,135,1,2020,1,3,1,Neutral
2020-01-17,147,147,146,147,11121100,147,0,144,141,135,1,2020,1,4,1,Neutral
2020-01-21,147,147,146,146,6086100,147,0,145,141,135,1,2020,1,1,1,Neutral
2020-01-22,147,147,146,147,4778200,147,0,145,141,135,1,2020,1,2,1,Neutral
2020-01-23,147,148,147,147,8419800,147,0,145,141,135,1,2020,1,3,1,Neutral
2020-01-24,148,148,147,147,9919900,148,1,146,141,136,1,2020,1,4,1,Neutral
2020-01-27,149,149,148,149,9988100,149,1,146,142,136,1,2020,1,0,1,Neutral
2020-01-28,148,149,148,148,7543100,148,-1,146,142,136,1,2020,1,1,1,Neutral
2020-01-29,148,149,148,148,5013100,148,1,147,142,136,1,2020,1,2,1,Neutral
2020-01-30,148,149,148,149,9119500,148,0,147,142,136,1,2020,1,3,1,Neutral
2020-01-31,149,150,149,149,14788300,149,1,147,142,136,1,2020,1,4,1,Neutral
2020-02-03,148,149,148,149,9105300,148,-1,147,143,136,1,2020,2,0,1,Neutral
2020-02-04,146,147,146,147,10525600,146,-1,147,143,137,1,2020,2,1,1,Neutral
2020-02-05,147,147,146,146,6160700,147,0,147,143,137,1,2020,2,2,1,Neutral
2020-02-06,147,148,147,147,4819800,147,1,147,143,137,1,2020,2,3,1,Neutral
2020-02-07,148,148,147,148,6379300,148,0,147,143,137,1,2020,2,4,1,Neutral
2020-02-10,148,148,148,148,5793600,148,0,147,144,137,1,2020,2,0,1,Neutral
2020-02-11,148,148,147,148,5179400,148,0,147,144,137,1,2020,2,1,1,Neutral
2020-02-12,148,148,147,147,5040600,148,0,148,144,137,1,2020,2,2,1,Neutral
2020-02-13,148,149,148,148,7082100,148,1,148,144,137,1,2020,2,3,1,Neutral
2020-02-14,149,149,149,149,5345400,149,0,148,144,138,1,2020,2,4,1,Neutral
2020-02-18,151,151,149,150,11524900,151,1,148,145,138,1,2020,2,1,1,Neutral
2020-02-19,152,152,151,151,9269800,152,1,148,145,138,1,2020,2,2,1,Neutral
2020-02-20,152,153,152,152,8457300,152,0,149,145,138,1,2020,2,3,1,Neutral
2020-02-21,155,155,154,154,16344500,155,2,149,146,138,1,2020,2,4,1,Neutral
2020-02-24,156,159,155,159,27171000,156,1,149,146,138,1,2020,2,0,1,Neutral
2020-02-25,153,156,153,155,28091500,153,-2,150,146,139,1,2020,2,1,1,Neutral
2020-02-26,154,155,153,154,17912500,154,0,150,146,139,1,2020,2,2,1,Neutral
2020-02-27,154,156,154,156,27878500,154,0,150,147,139,1,2020,2,3,1,Neutral
2020-02-28,148,153,147,153,42699600,148,-4,150,147,139,1,2020,2,4,1,Neutral
2020-03-02,149,151,149,150,16295400,149,1,150,147,139,1,2020,3,0,1,Neutral
2020-03-03,154,155,151,151,28687700,154,3,150,147,139,1,2020,3,1,1,Neutral
2020-03-04,154,155,154,154,12315500,154,0,151,148,139,1,2020,3,2,1,Neutral
2020-03-05,157,158,156,156,17973500,157,2,151,148,140,1,2020,3,3,1,Neutral
2020-03-06,158,159,155,158,26973400,158,0,152,148,140,1,2020,3,4,1,Neutral
2020-03-09,158,159,156,159,24868700,158,0,152,149,140,1,2020,3,0,1,Neutral
2020-03-10,154,156,154,156,18811500,154,-2,153,149,140,1,2020,3,1,1,Neutral
2020-03-11,154,157,154,156,18159900,154,0,153,149,140,1,2020,3,2,1,Neutral
2020-03-12,148,152,147,152,32893400,148,-4,153,149,141,2,2020,3,3,1,Neutral
2020-03-13,143,150,142,149,35177200,143,-3,153,149,141,2,2020,3,4,1,Neutral
2020-03-16,142,143,136,138,24496000,142,-1,152,149,141,2,2020,3,0,1,Neutral
2020-03-17,144,146,140,140,24490300,144,1,152,149,141,2,2020,3,1,1,Neutral
2020-03-18,141,143,139,142,21953400,141,-2,151,149,141,2,2020,3,2,1,Neutral
2020-03-19,138,141,138,139,20828900,138,-2,151,149,141,2,2020,3,3,1,Neutral
2020-03-20,140,141,139,141,20056000,140,1,150,149,141,2,2020,3,4,1,Neutral
2020-03-23,146,147,142,143,28275200,146,4,149,149,141,2,2020,3,0,1,Neutral
2020-03-24,153,156,152,154,20743500,153,5,149,149,141,2,2020,3,1,1,Neutral
2020-03-25,151,153,151,153,16457200,151,-1,149,149,141,2,2020,3,2,1,Neutral
2020-03-26,153,155,152,153,12778200,153,1,149,149,142,2,2020,3,3,1,Neutral
2020-03-27,152,154,152,153,9824600,152,-1,150,149,142,2,2020,3,4,1,Neutral
2020-03-30,153,153,152,152,12080900,153,0,150,149,142,2,2020,3,0,1,Neutral
2020-03-31,148,152,148,151,13319500,148,-3,149,150,142,2,2020,3,1,1,Neutral
2020-04-01,149,150,148,148,11827400,149,1,149,150,142,2,2020,4,2,2,Neutral
2020-04-02,152,153,151,151,9188300,152,2,149,150,142,2,2020,4,3,2,Neutral
2020-04-03,153,153,152,152,8469100,153,0,149,150,142,2,2020,4,4,2,Neutral
2020-04-06,157,157,154,154,14739300,157,3,149,150,142,2,2020,4,0,2,Neutral
2020-04-07,156,156,154,155,9195400,156,-1,149,150,143,2,2020,4,1,2,Neutral
2020-04-08,155,156,155,156,7600800,155,-1,149,150,143,2,2020,4,2,2,Neutral
2020-04-09,159,159,157,158,18123000,159,3,149,150,143,2,2020,4,3,2,Neutral
2020-04-13,161,162,159,159,20549200,161,2,150,151,143,2,2020,4,0,2,Neutral
2020-04-14,163,164,162,163,17095100,163,1,151,151,143,2,2020,4,1,2,Neutral
2020-04-15,162,163,161,162,12141900,162,-1,152,151,143,2,2020,4,2,2,Neutral
2020-04-16,162,163,161,162,9233200,162,0,153,152,143,2,2020,4,3,2,Neutral
2020-04-17,159,160,158,160,14652700,159,-2,154,152,143,2,2020,4,4,2,Neutral
2020-04-20,160,160,158,159,10688700,160,1,155,152,144,2,2020,4,0,2,Neutral
2020-04-21,159,159,157,158,12478100,159,-1,156,152,144,2,2020,4,1,2,Neutral
2020-04-22,162,162,160,161,12902100,162,2,156,153,144,2,2020,4,2,2,Neutral
2020-04-23,163,164,162,162,14928500,163,1,157,153,144,1,2020,4,3,2,Neutral
2020-04-24,163,163,161,163,11199300,163,0,157,153,144,1,2020,4,4,2,Neutral
2020-04-27,162,162,160,162,9033500,162,-1,158,153,144,1,2020,4,0,2,Neutral
2020-04-28,161,161,159,161,10383000,161,0,158,154,144,1,2020,4,1,2,Neutral
2020-04-29,162,162,160,160,12232300,162,1,159,154,145,1,2020,4,2,2,Neutral
2020-04-30,159,161,158,160,13633500,159,-2,159,154,145,1,2020,4,3,2,Neutral
2020-05-01,160,160,158,158,10914300,160,1,160,154,145,1,2020,5,4,2,Neutral
2020-05-04,160,161,160,160,7986200,160,0,160,154,145,1,2020,5,0,2,Neutral
2020-05-05,161,161,159,160,10563100,161,0,160,154,145,1,2020,5,1,2,Neutral
2020-05-06,159,160,158,159,13352000,159,-1,160,154,145,1,2020,5,2,2,Neutral
2020-05-07,161,162,159,160,13691700,161,2,161,155,145,1,2020,5,3,2,Neutral
2020-05-08,160,162,160,161,12240900,160,-1,161,155,146,1,2020,5,4,2,Neutral
2020-05-11,159,161,159,160,11209800,159,-1,161,155,146,1,2020,5,0,2,Neutral
2020-05-12,160,161,160,160,10406000,160,0,161,155,146,1,2020,5,1,2,Neutral
2020-05-13,162,162,161,161,10950400,162,1,161,155,146,1,2020,5,2,2,Neutral
2020-05-14,163,163,162,162,17084400,163,1,161,156,146,1,2020,5,3,2,Neutral
2020-05-15,164,165,163,164,13918800,164,1,161,156,146,1,2020,5,4,2,Neutral
2020-05-18,163,165,162,164,14133800,163,-1,161,156,146,1,2020,5,0,2,Neutral
2020-05-19,164,164,163,164,8535800,164,1,161,156,146,1,2020,5,1,2,Neutral
2020-05-20,165,165,164,165,10666100,165,0,162,156,147,1,2020,5,2,2,Neutral
2020-05-21,162,164,161,163,11791000,162,-1,161,156,147,1,2020,5,3,2,Neutral
2020-05-22,163,163,163,163,8540900,163,1,161,157,147,1,2020,5,4,2,Neutral
2020-05-26,161,163,161,163,13972000,161,-1,161,157,147,1,2020,5,1,2,Neutral
2020-05-27,161,161,159,159,13063500,161,0,161,157,147,1,2020,5,2,2,Neutral
2020-05-28,162,162,161,162,9758500,162,0,161,158,147,1,2020,5,3,2,Neutral
2020-05-29,163,163,162,163,12581800,163,1,162,158,147,1,2020,5,4,2,Neutral
2020-06-01,164,164,162,163,8140200,164,0,162,159,147,1,2020,6,0,2,Neutral
2020-06-02,163,164,162,164,10388900,163,-1,162,159,147,1,2020,6,1,2,Neutral
2020-06-03,160,161,159,160,17000500,160,-2,162,159,148,1,2020,6,2,2,Neutral
2020-06-04,161,162,160,161,10094000,161,1,162,159,148,1,2020,6,3,2,Neutral
2020-06-05,158,159,157,159,16021200,158,-2,162,160,148,1,2020,6,4,2,Neutral
2020-06-08,160,160,158,159,9244400,160,1,162,160,148,1,2020,6,0,2,Neutral
2020-06-09,161,162,161,161,9045600,161,1,162,160,148,1,2020,6,1,2,Neutral
2020-06-10,164,164,161,162,13009300,164,1,162,160,148,1,2020,6,2,2,Neutral
2020-06-11,162,164,162,163,11673900,162,-1,162,160,148,1,2020,6,3,2,Neutral
2020-06-12,163,164,163,163,6895400,163,0,162,161,148,1,2020,6,4,2,Neutral
2020-06-15,162,163,160,161,8532500,162,0,162,161,148,1,2020,6,0,2,Neutral
2020-06-16,162,163,161,162,7964000,162,0,162,161,148,1,2020,6,1,2,Neutral
2020-06-17,163,163,162,162,4758200,163,0,162,161,148,1,2020,6,2,2,Neutral
2020-06-18,162,162,161,162,5397600,162,0,162,161,149,1,2020,6,3,2,Neutral
2020-06-19,164,164,163,163,12187400,164,1,162,162,149,1,2020,6,4,2,Neutral
2020-06-22,165,166,164,165,12385600,165,1,162,162,149,1,2020,6,0,2,Neutral
2020-06-23,166,167,166,166,12137300,166,1,162,162,149,1,2020,6,1,2,Neutral
2020-06-24,166,167,165,166,10901400,166,0,163,162,149,1,2020,6,2,2,Neutral
2020-06-25,166,166,165,166,7093800,166,0,163,162,149,1,2020,6,3,2,Neutral
2020-06-26,167,167,164,165,9753500,167,0,163,162,149,1,2020,6,4,2,Neutral
2020-06-29,167,167,166,167,6735700,167,0,163,162,149,1,2020,6,0,2,Neutral
2020-06-30,167,168,166,166,12762300,167,0,163,162,149,1,2020,6,1,2,Neutral
2020-07-01,167,167,165,167,13214800,167,0,164,162,150,1,2020,7,2,3,Neutral
2020-07-02,167,167,166,166,8753500,167,0,164,163,150,1,2020,7,3,3,Neutral
2020-07-06,168,168,167,168,7265700,168,1,164,163,150,1,2020,7,0,3,Neutral
2020-07-07,169,169,167,167,11633100,169,1,165,163,150,1,2020,7,1,3,Neutral
2020-07-08,170,171,170,170,11662700,170,1,165,163,150,1,2020,7,2,3,Neutral
2020-07-09,170,171,169,170,13327400,170,0,166,163,150,0,2020,7,3,3,Neutral
2020-07-10,169,170,169,170,8218000,169,0,166,163,150,0,2020,7,4,3,Neutral
2020-07-13,169,170,169,170,11095900,169,0,166,163,151,0,2020,7,0,3,Neutral
2020-07-14,170,170,169,169,9812700,170,0,167,164,151,0,2020,7,1,3,Neutral
2020-07-15,170,170,169,170,7533800,170,0,167,164,151,0,2020,7,2,3,Neutral
2020-07-16,169,170,169,170,10242400,169,-1,167,164,151,1,2020,7,3,3,Neutral
2020-07-17,170,170,170,170,10296000,170,1,168,164,151,1,2020,7,4,3,Neutral
2020-07-20,171,171,170,171,10095500,171,0,168,164,151,0,2020,7,0,3,Neutral
2020-07-21,173,173,172,173,12826100,173,1,169,165,151,1,2020,7,1,3,Neutral
2020-07-22,176,176,174,174,18712500,176,2,169,165,152,1,2020,7,2,3,Neutral
2020-07-23,177,178,176,176,23006800,177,1,170,165,152,1,2020,7,3,3,Neutral
2020-07-24,179,179,178,179,15601300,179,1,170,166,152,1,2020,7,4,3,Neutral
2020-07-27,182,183,182,182,21115600,182,2,171,166,152,1,2020,7,0,3,Neutral
2020-07-28,184,184,181,182,21164600,184,1,172,167,152,1,2020,7,1,3,Neutral
2020-07-29,185,186,182,184,25640100,185,1,173,167,153,1,2020,7,2,3,Neutral
2020-07-30,184,184,182,183,18061200,184,-1,174,167,153,1,2020,7,3,3,Neutral
2020-07-31,185,186,184,185,15876700,185,1,175,168,153,1,2020,7,4,3,Neutral
2020-08-03,186,186,184,185,12897000,186,0,175,168,153,1,2020,8,0,3,Neutral
2020-08-04,190,190,185,186,20773200,190,2,176,169,154,1,2020,8,1,3,Neutral
2020-08-05,191,193,191,192,27078100,191,1,177,169,154,1,2020,8,2,3,Neutral
2020-08-06,194,194,193,194,20640100,194,1,179,170,154,1,2020,8,3,3,Neutral
2020-08-07,191,193,189,193,24570200,191,-2,180,171,154,1,2020,8,4,3,Neutral
2020-08-10,190,193,190,191,19047200,190,0,181,171,155,1,2020,8,0,3,Neutral
2020-08-11,180,184,179,184,45355000,180,-5,181,171,155,2,2020,8,1,3,Neutral
2020-08-12,179,183,179,183,28660500,179,0,182,172,155,2,2020,8,2,3,Neutral
2020-08-13,183,185,181,182,18596800,183,2,182,172,155,2,2020,8,3,3,Neutral
2020-08-14,183,184,181,183,11792000,183,0,183,173,155,2,2020,8,4,3,Neutral
2020-08-17,187,187,185,185,15709800,187,2,184,173,156,2,2020,8,0,3,Neutral
2020-08-18,188,189,186,189,16291600,188,1,185,174,156,2,2020,8,1,3,Neutral
2020-08-19,182,187,182,187,24646900,182,-3,185,174,156,2,2020,8,2,3,Neutral
2020-08-20,184,184,181,181,16692200,184,1,185,175,156,2,2020,8,3,3,Neutral
2020-08-21,182,183,180,182,12713700,182,-1,185,175,156,2,2020,8,4,3,Neutral
2020-08-24,181,183,181,183,11605800,181,-1,185,175,157,2,2020,8,0,3,Neutral
2020-08-25,181,181,180,181,10056100,181,0,185,176,157,2,2020,8,1,3,Neutral
2020-08-26,183,184,180,180,12715800,183,1,185,176,157,2,2020,8,2,3,Neutral
2020-08-27,181,185,179,185,16299200,181,-1,185,177,157,2,2020,8,3,3,Neutral
2020-08-28,184,185,183,184,13200800,184,2,185,177,158,2,2020,8,4,3,Neutral
2020-08-31,185,186,184,185,10251200,185,0,185,177,158,2,2020,8,0,3,Neutral
2020-09-01,185,187,184,187,10662100,185,0,185,178,158,2,2020,9,1,3,Neutral
2020-09-02,183,184,182,184,11536900,183,-1,184,178,158,2,2020,9,2,3,Neutral
2020-09-03,181,183,180,182,12148100,181,-1,184,178,158,2,2020,9,3,3,Neutral
2020-09-04,182,182,180,181,11567900,182,0,183,179,159,2,2020,9,4,3,Neutral
2020-09-08,181,182,179,180,13229200,181,0,183,179,159,2,2020,9,1,3,Neutral
2020-09-09,183,183,182,183,8424100,183,1,183,179,159,1,2020,9,2,3,Neutral
2020-09-10,182,185,182,184,9143600,182,0,183,180,159,1,2020,9,3,3,Neutral
2020-09-11,182,184,182,183,7662300,182,0,183,180,160,1,2020,9,4,3,Neutral
2020-09-14,184,184,183,184,9709500,184,1,183,180,160,1,2020,9,0,3,Neutral
2020-09-15,183,185,183,184,7993700,183,0,183,181,160,1,2020,9,1,3,Neutral
2020-09-16,184,185,183,185,12702400,184,0,183,181,160,1,2020,9,2,3,Neutral
2020-09-17,183,183,181,182,8836200,183,-1,183,181,160,1,2020,9,3,3,Neutral
2020-09-18,183,184,183,183,9959700,183,0,183,182,161,1,2020,9,4,3,Neutral
2020-09-21,180,180,177,180,17436100,180,-2,183,182,161,1,2020,9,0,3,Neutral
2020-09-22,179,180,178,180,7977900,179,0,183,182,161,1,2020,9,1,3,Neutral
2020-09-23,175,177,174,177,18134000,175,-2,182,182,161,1,2020,9,2,3,Neutral
2020-09-24,175,176,174,174,11759200,175,0,182,182,161,1,2020,9,3,3,Neutral
2020-09-25,175,175,174,174,6779200,175,0,181,182,162,1,2020,9,4,3,Neutral
2020-09-28,177,177,175,176,7109700,177,1,181,182,162,1,2020,9,0,3,Neutral
2020-09-29,178,178,177,177,8718500,178,1,181,183,162,1,2020,9,1,3,Neutral
2020-09-30,177,179,177,178,8371800,177,-1,180,183,162,1,2020,9,2,3,Neutral
2020-10-01,179,180,178,179,10402800,179,1,180,183,162,1,2020,10,3,4,Neutral
2020-10-02,179,179,178,179,7488500,179,0,180,183,163,1,2020,10,4,4,Neutral
2020-10-05,179,180,179,179,6969600,179,0,180,183,163,1,2020,10,0,4,Neutral
2020-10-06,177,180,177,180,8632800,177,-1,180,183,163,1,2020,10,1,4,Neutral
2020-10-07,177,177,176,177,6410900,177,0,179,182,163,1,2020,10,2,4,Neutral
2020-10-08,178,178,177,178,6530800,178,0,179,182,163,1,2020,10,3,4,Neutral
2020-10-09,181,181,180,180,15979800,181,2,179,182,164,1,2020,10,4,4,Neutral
2020-10-12,181,181,180,181,4843000,181,0,179,182,164,1,2020,10,0,4,Neutral
2020-10-13,178,179,177,179,8384300,178,-2,179,182,164,1,2020,10,1,4,Neutral
2020-10-14,178,180,178,179,9076600,178,0,178,182,164,1,2020,10,2,4,Neutral
2020-10-15,179,179,178,178,6815400,179,0,178,182,164,1,2020,10,3,4,Neutral
2020-10-16,178,179,178,179,7260700,178,0,178,181,164,1,2020,10,4,4,Neutral
2020-10-19,178,179,178,179,6084400,178,0,178,181,165,1,2020,10,0,4,Neutral
2020-10-20,179,180,178,179,7121400,179,0,178,181,165,1,2020,10,1,4,Neutral
2020-10-21,181,181,180,180,7548100,181,1,178,181,165,1,2020,10,2,4,Neutral
2020-10-22,179,179,178,179,8377000,179,-1,178,181,165,1,2020,10,3,4,Neutral
2020-10-23,179,179,178,179,5919300,179,0,179,181,165,1,2020,10,4,4,Neutral
2020-10-26,179,179,178,179,5105100,179,0,179,181,165,1,2020,10,0,4,Neutral
2020-10-27,179,179,179,179,5826900,179,0,179,180,166,1,2020,10,1,4,Neutral
2020-10-28,176,177,175,176,11734100,176,-2,179,180,166,1,2020,10,2,4,Neutral
2020-10-29,175,176,175,175,8474500,175,0,178,180,166,1,2020,10,3,4,Neutral
2020-10-30,176,177,176,177,7303000,176,0,178,180,166,1,2020,10,4,4,Neutral
